This is pdfTeX, Version 3.141592653-2.6-1.40.25 (TeX Live 2023/Debian) (preloaded format=pdflatex 2026.4.17)  27 JUL 2026 17:16
entering extended mode
 restricted \write18 enabled.
 %&-line parsing enabled.
**main.tex
(./main.tex
LaTeX2e <2023-11-01> patch level 1
L3 programming layer <2024-01-22>
(/usr/share/texlive/texmf-dist/tex/latex/base/report.cls
Document Class: report 2023/05/17 v1.4n Standard LaTeX document class
(/usr/share/texlive/texmf-dist/tex/latex/base/size12.clo
File: size12.clo 2023/05/17 v1.4n Standard LaTeX file (size option)
)
\c@part=\count187
\c@chapter=\count188
\c@section=\count189
\c@subsection=\count190
\c@subsubsection=\count191
\c@paragraph=\count192
\c@subparagraph=\count193
\c@figure=\count194
\c@table=\count195
\abovecaptionskip=\skip48
\belowcaptionskip=\skip49
\bibindent=\dimen140
)
(/usr/share/texlive/texmf-dist/tex/latex/geometry/geometry.sty
Package: geometry 2020/01/02 v5.9 Page Geometry

(/usr/share/texlive/texmf-dist/tex/latex/graphics/keyval.sty
Package: keyval 2022/05/29 v1.15 key=value parser (DPC)
\KV@toks@=\toks17
)
(/usr/share/texlive/texmf-dist/tex/generic/iftex/ifvtex.sty
Package: ifvtex 2019/10/25 v1.7 ifvtex legacy package. Use iftex instead.

(/usr/share/texlive/texmf-dist/tex/generic/iftex/iftex.sty
Package: iftex 2022/02/03 v1.0f TeX engine tests
))
\Gm@cnth=\count196
\Gm@cntv=\count197
\c@Gm@tempcnt=\count198
\Gm@bindingoffset=\dimen141
\Gm@wd@mp=\dimen142
\Gm@odd@mp=\dimen143
\Gm@even@mp=\dimen144
\Gm@layoutwidth=\dimen145
\Gm@layoutheight=\dimen146
\Gm@layouthoffset=\dimen147
\Gm@layoutvoffset=\dimen148
\Gm@dimlist=\toks18
)
(/usr/share/texlive/texmf-dist/tex/latex/titlesec/titlesec.sty
Package: titlesec 2023/10/27 v2.16 Sectioning titles
\ttl@box=\box51
\beforetitleunit=\skip50
\aftertitleunit=\skip51
\ttl@plus=\dimen149
\ttl@minus=\dimen150
\ttl@toksa=\toks19
\titlewidth=\dimen151
\titlewidthlast=\dimen152
\titlewidthfirst=\dimen153
)
(/usr/share/texlive/texmf-dist/tex/latex/base/inputenc.sty
Package: inputenc 2021/02/14 v1.3d Input encoding file
\inpenc@prehook=\toks20
\inpenc@posthook=\toks21
)
(/usr/share/texlive/texmf-dist/tex/latex/base/fontenc.sty
Package: fontenc 2021/04/29 v2.0v Standard LaTeX package
)
(/usr/share/texlive/texmf-dist/tex/latex/microtype/microtype.sty
Package: microtype 2023/03/13 v3.1a Micro-typographical refinements (RS)

(/usr/share/texlive/texmf-dist/tex/latex/etoolbox/etoolbox.sty
Package: etoolbox 2020/10/05 v2.5k e-TeX tools for LaTeX (JAW)
\etb@tempcnta=\count199
)
\MT@toks=\toks22
\MT@tempbox=\box52
\MT@count=\count266
LaTeX Info: Redefining \noprotrusionifhmode on input line 1059.
LaTeX Info: Redefining \leftprotrusion on input line 1060.
\MT@prot@toks=\toks23
LaTeX Info: Redefining \rightprotrusion on input line 1078.
LaTeX Info: Redefining \textls on input line 1368.
\MT@outer@kern=\dimen154
LaTeX Info: Redefining \textmicrotypecontext on input line 1988.
\MT@listname@count=\count267

(/usr/share/texlive/texmf-dist/tex/latex/microtype/microtype-pdftex.def
File: microtype-pdftex.def 2023/03/13 v3.1a Definitions specific to pdftex (RS)

LaTeX Info: Redefining \lsstyle on input line 902.
LaTeX Info: Redefining \lslig on input line 902.
\MT@outer@space=\skip52
)
Package microtype Info: Loading configuration file microtype.cfg.

(/usr/share/texlive/texmf-dist/tex/latex/microtype/microtype.cfg
File: microtype.cfg 2023/03/13 v3.1a microtype main configuration file (RS)
))
(/usr/share/texlive/texmf-dist/tex/latex/csquotes/csquotes.sty
Package: csquotes 2022-09-14 v5.2n context-sensitive quotations (JAW)
\csq@reset=\count268
\csq@gtype=\count269
\csq@glevel=\count270
\csq@qlevel=\count271
\csq@maxlvl=\count272
\csq@tshold=\count273
\csq@ltx@everypar=\toks24

(/usr/share/texlive/texmf-dist/tex/latex/csquotes/csquotes.def
File: csquotes.def 2022-09-14 v5.2n csquotes generic definitions (JAW)
)
Package csquotes Info: Trying to load configuration file 'csquotes.cfg'...
Package csquotes Info: ... configuration file loaded successfully.

(/usr/share/texlive/texmf-dist/tex/latex/csquotes/csquotes.cfg
File: csquotes.cfg 
))
   defining Unicode char U+2009 (decimal 8201)

(/usr/share/texlive/texmf-dist/tex/latex/graphics/graphicx.sty
Package: graphicx 2021/09/16 v1.2d Enhanced LaTeX Graphics (DPC,SPQR)

(/usr/share/texlive/texmf-dist/tex/latex/graphics/graphics.sty
Package: graphics 2022/03/10 v1.4e Standard LaTeX Graphics (DPC,SPQR)

(/usr/share/texlive/texmf-dist/tex/latex/graphics/trig.sty
Package: trig 2021/08/11 v1.11 sin cos tan (DPC)
)
(/usr/share/texlive/texmf-dist/tex/latex/graphics-cfg/graphics.cfg
File: graphics.cfg 2016/06/04 v1.11 sample graphics configuration
)
Package graphics Info: Driver file: pdftex.def on input line 107.

(/usr/share/texlive/texmf-dist/tex/latex/graphics-def/pdftex.def
File: pdftex.def 2022/09/22 v1.2b Graphics/color driver for pdftex
))
\Gin@req@height=\dimen155
\Gin@req@width=\dimen156
)
(/usr/share/texlive/texmf-dist/tex/latex/caption/subcaption.sty
Package: subcaption 2023/07/28 v1.6b Sub-captions (AR)

(/usr/share/texlive/texmf-dist/tex/latex/caption/caption.sty
Package: caption 2023/08/05 v3.6o Customizing captions (AR)

(/usr/share/texlive/texmf-dist/tex/latex/caption/caption3.sty
Package: caption3 2023/07/31 v2.4d caption3 kernel (AR)
\caption@tempdima=\dimen157
\captionmargin=\dimen158
\caption@leftmargin=\dimen159
\caption@rightmargin=\dimen160
\caption@width=\dimen161
\caption@indent=\dimen162
\caption@parindent=\dimen163
\caption@hangindent=\dimen164
Package caption Info: Standard document class detected.
)
\c@caption@flags=\count274
\c@continuedfloat=\count275
)
Package caption Info: New subtype `subfigure' on input line 238.
\c@subfigure=\count276
Package caption Info: New subtype `subtable' on input line 238.
\c@subtable=\count277
)
(/usr/share/texlive/texmf-dist/tex/latex/pdfpages/pdfpages.sty
Package: pdfpages 2024/01/21 v0.5y Insert pages of external PDF documents (AM)

(/usr/share/texlive/texmf-dist/tex/latex/base/ifthen.sty
Package: ifthen 2022/04/13 v1.1d Standard LaTeX ifthen package (DPC)
)
(/usr/share/texlive/texmf-dist/tex/latex/tools/calc.sty
Package: calc 2023/07/08 v4.3 Infix arithmetic (KKT,FJ)
\calc@Acount=\count278
\calc@Bcount=\count279
\calc@Adimen=\dimen165
\calc@Bdimen=\dimen166
\calc@Askip=\skip53
\calc@Bskip=\skip54
LaTeX Info: Redefining \setlength on input line 80.
LaTeX Info: Redefining \addtolength on input line 81.
\calc@Ccount=\count280
\calc@Cskip=\skip55
)
(/usr/share/texlive/texmf-dist/tex/latex/eso-pic/eso-pic.sty
Package: eso-pic 2023/05/03 v3.0c eso-pic (RN)
\ESO@tempdima=\dimen167
\ESO@tempdimb=\dimen168

(/usr/share/texlive/texmf-dist/tex/latex/xcolor/xcolor.sty
Package: xcolor 2023/11/15 v3.01 LaTeX color extensions (UK)

(/usr/share/texlive/texmf-dist/tex/latex/graphics-cfg/color.cfg
File: color.cfg 2016/01/02 v1.6 sample color configuration
)
Package xcolor Info: Driver file: pdftex.def on input line 274.

(/usr/share/texlive/texmf-dist/tex/latex/graphics/mathcolor.ltx)
Package xcolor Info: Model `cmy' substituted by `cmy0' on input line 1350.
Package xcolor Info: Model `hsb' substituted by `rgb' on input line 1354.
Package xcolor Info: Model `RGB' extended on input line 1366.
Package xcolor Info: Model `HTML' substituted by `rgb' on input line 1368.
Package xcolor Info: Model `Hsb' substituted by `hsb' on input line 1369.
Package xcolor Info: Model `tHsb' substituted by `hsb' on input line 1370.
Package xcolor Info: Model `HSB' substituted by `hsb' on input line 1371.
Package xcolor Info: Model `Gray' substituted by `gray' on input line 1372.
Package xcolor Info: Model `wave' substituted by `hsb' on input line 1373.
))
\AM@pagewidth=\dimen169
\AM@pageheight=\dimen170
\AM@fboxrule=\dimen171

(/usr/share/texlive/texmf-dist/tex/latex/pdfpages/pppdftex.def
File: pppdftex.def 2024/01/21 v0.5y Pdfpages driver for pdfTeX (AM)
)
\pdfpages@includegraphics@status=\count281
\AM@pagebox=\box53
\AM@global@opts=\toks25
\AM@pagecnt=\count282
\AM@toc@title=\toks26
\AM@lof@heading=\toks27
\c@AM@survey=\count283
\AM@templatesizebox=\box54
)
(/usr/share/texlive/texmf-dist/tex/latex/base/flafter.sty
Package: flafter 2021/07/31 v1.4e Standard LaTeX floats after reference (FMi)
Applying: [2015/01/01] float order in 2-column on input line 49.
Already applied: [0000/00/00] float order in 2-column on input line 151.
)
(/usr/share/texlive/texmf-dist/tex/latex/graphbox/graphbox.sty
Package: graphbox 2018/01/17 v1.1 extension for graphicx to adjust containing b
ox
\Gin@box@box=\box55
\Gin@box@width=\skip56
\Gin@box@height=\skip57
\Gin@box@raise=\skip58
\Gin@box@hspace=\skip59
\Gin@box@bwidth=\skip60
\Gin@box@bheight=\skip61
)
(/usr/share/texlive/texmf-dist/tex/latex/wrapfig/wrapfig.sty
\wrapoverhang=\dimen172
\WF@size=\dimen173
\c@WF@wrappedlines=\count284
\WF@box=\box56
\WF@everypar=\toks28
Package: wrapfig 2003/01/31  v 3.6
)
(/usr/share/texlive/texmf-dist/tex/latex/multirow/multirow.sty
Package: multirow 2021/03/15 v2.8 Span multiple rows of a table
\multirow@colwidth=\skip62
\multirow@cntb=\count285
\multirow@dima=\skip63
\bigstrutjot=\dimen174
)
(/usr/share/texlive/texmf-dist/tex/latex/colortbl/colortbl.sty
Package: colortbl 2022/06/20 v1.0f Color table columns (DPC)

(/usr/share/texlive/texmf-dist/tex/latex/tools/array.sty
Package: array 2023/10/16 v2.5g Tabular extension package (FMi)
\col@sep=\dimen175
\ar@mcellbox=\box57
\extrarowheight=\dimen176
\NC@list=\toks29
\extratabsurround=\skip64
\backup@length=\skip65
\ar@cellbox=\box58
)
\everycr=\toks30
\minrowclearance=\skip66
\rownum=\count286
)
(/usr/share/texlive/texmf-dist/tex/latex/tabularray/tabularray.sty
(/usr/share/texlive/texmf-dist/tex/latex/l3kernel/expl3.sty
Package: expl3 2024-01-22 L3 programming layer (loader) 

(/usr/share/texlive/texmf-dist/tex/latex/l3backend/l3backend-pdftex.def
File: l3backend-pdftex.def 2024-01-04 L3 backend support: PDF output (pdfTeX)
\l__color_backend_stack_int=\count287
\l__pdf_internal_box=\box59
))
Package: tabularray 2023-03-01 v2023A Typeset tabulars and arrays with LaTeX3
\l__tblr_a_int=\count288
\l__tblr_c_int=\count289
\l__tblr_r_int=\count290
\l__tblr_d_dim=\dimen177
\l__tblr_h_dim=\dimen178
\l__tblr_o_dim=\dimen179
\l__tblr_p_dim=\dimen180
\l__tblr_q_dim=\dimen181
\l__tblr_r_dim=\dimen182
\l__tblr_s_dim=\dimen183
\l__tblr_t_dim=\dimen184
\l__tblr_v_dim=\dimen185
\l__tblr_w_dim=\dimen186
\l__tblr_a_box=\box60
\l__tblr_b_box=\box61
\l__tblr_c_box=\box62
\l__tblr_d_box=\box63
\g__tblr_table_count_int=\count291
\c@colnum=\count292
\c@rowcount=\count293
\c@colcount=\count294
\abovesep=\dimen187
\belowsep=\dimen188
\leftsep=\dimen189
\rightsep=\dimen190
\g_tblr_level_int=\count295
\g__tblr_data_row_key_count_int=\count296
\g__tblr_data_column_key_count_int=\count297
\g__tblr_data_cell_key_count_int=\count298
\g__tblr_array_int=\count299
\l__tblr_key_count_int=\count300
\l__tblr_key_quotient_int=\count301
\l__tblr_key_quotient_two_int=\count302
\l__tblr_key_remainder_int=\count303
\g__tblr_data_str_value_count_int=\count304
\rulewidth=\dimen191
\l__tblr_strut_dp_dim=\dimen192
\l__tblr_strut_ht_dim=\dimen193
\g__tblr_cell_wd_dim=\dimen194
\g__tblr_cell_ht_dim=\dimen195
\g__tblr_cell_head_dim=\dimen196
\g__tblr_cell_foot_dim=\dimen197
\l__column_target_dim=\dimen198
\l__tblr_caption_box=\box64
\l__tblr_caption_left_box=\box65
\l__tblr_row_head_box=\box66
\l__tblr_row_foot_box=\box67
\l__tblr_row_head_foot_dim=\dimen199
\tablewidth=\dimen256
\l__tblr_table_firsthead_box=\box68
\l__tblr_table_middlehead_box=\box69
\l__tblr_table_lasthead_box=\box70
\l__tblr_table_firstfoot_box=\box71
\l__tblr_table_middlefoot_box=\box72
\l__tblr_table_lastfoot_box=\box73
\l__tblr_remain_height_dim=\dimen257
\l__tblr_long_from_int=\count305
\l__tblr_long_to_int=\count306
\l__tblr_curr_i_int=\count307
\l__tblr_prev_i_int=\count308
\l__tblr_table_page_int=\count309
\l__tblr_table_head_box=\box74
\l__tblr_table_foot_box=\box75
\l__tblr_table_head_foot_dim=\dimen258
\l__tblr_table_head_body_foot_dim=\dimen259
\l__tblr_table_box=\box76
\l__tblr_table_hlines_box=\box77
\l__tblr_hline_box=\box78
\l__tblr_row_box=\box79
\l__tblr_col_o_wd_dim=\dimen260
\l__tblr_col_b_wd_dim=\dimen261
\l__tblr_hline_leftskip_dim=\dimen262
\l__tblr_hline_rightskip_dim=\dimen263
\l__tblr_row_ht_dim=\dimen264
\l__tblr_row_dp_dim=\dimen265
\l__tblr_row_abovesep_dim=\dimen266
\l__tblr_row_belowsep_dim=\dimen267
\l__tblr_row_vlines_box=\box80
\l__tblr_vline_box=\box81
\l__tblr_cell_box=\box82
\l__row_upper_dim=\dimen268
\l__row_lower_dim=\dimen269
\l__row_vpace_dim=\dimen270
\l__tblr_vline_aboveskip_dim=\dimen271
\l__tblr_vline_belowskip_dim=\dimen272
\l__tblr_cell_wd_dim=\dimen273
\l__tblr_cell_ht_dim=\dimen274
\l__tblr_diag_box=\box83
)
(/usr/share/texlive/texmf-dist/tex/latex/booktabs/booktabs.sty
Package: booktabs 2020/01/12 v1.61803398 Publication quality tables
\heavyrulewidth=\dimen275
\lightrulewidth=\dimen276
\cmidrulewidth=\dimen277
\belowrulesep=\dimen278
\belowbottomsep=\dimen279
\aboverulesep=\dimen280
\abovetopsep=\dimen281
\cmidrulesep=\dimen282
\cmidrulekern=\dimen283
\defaultaddspace=\dimen284
\@cmidla=\count310
\@cmidlb=\count311
\@aboverulesep=\dimen285
\@belowrulesep=\dimen286
\@thisruleclass=\count312
\@lastruleclass=\count313
\@thisrulewidth=\dimen287
)
(/usr/share/texlive/texmf-dist/tex/latex/enumitem/enumitem.sty
Package: enumitem 2019/06/20 v3.9 Customized lists
\labelindent=\skip67
\enit@outerparindent=\dimen288
\enit@toks=\toks31
\enit@inbox=\box84
\enit@count@id=\count314
\enitdp@description=\count315
)
(/usr/share/texlive/texmf-dist/tex/latex/hyperref/hyperref.sty
Package: hyperref 2024-01-20 v7.01h Hypertext links for LaTeX

(/usr/share/texlive/texmf-dist/tex/latex/kvsetkeys/kvsetkeys.sty
Package: kvsetkeys 2022-10-05 v1.19 Key value parser (HO)
)
(/usr/share/texlive/texmf-dist/tex/generic/kvdefinekeys/kvdefinekeys.sty
Package: kvdefinekeys 2019-12-19 v1.6 Define keys (HO)
)
(/usr/share/texlive/texmf-dist/tex/generic/pdfescape/pdfescape.sty
Package: pdfescape 2019/12/09 v1.15 Implements pdfTeX's escape features (HO)

(/usr/share/texlive/texmf-dist/tex/generic/ltxcmds/ltxcmds.sty
Package: ltxcmds 2023-12-04 v1.26 LaTeX kernel commands for general use (HO)
)
(/usr/share/texlive/texmf-dist/tex/generic/pdftexcmds/pdftexcmds.sty
Package: pdftexcmds 2020-06-27 v0.33 Utility functions of pdfTeX for LuaTeX (HO
)

(/usr/share/texlive/texmf-dist/tex/generic/infwarerr/infwarerr.sty
Package: infwarerr 2019/12/03 v1.5 Providing info/warning/error messages (HO)
)
Package pdftexcmds Info: \pdf@primitive is available.
Package pdftexcmds Info: \pdf@ifprimitive is available.
Package pdftexcmds Info: \pdfdraftmode found.
))
(/usr/share/texlive/texmf-dist/tex/latex/hycolor/hycolor.sty
Package: hycolor 2020-01-27 v1.10 Color options for hyperref/bookmark (HO)
)
(/usr/share/texlive/texmf-dist/tex/latex/auxhook/auxhook.sty
Package: auxhook 2019-12-17 v1.6 Hooks for auxiliary files (HO)
)
(/usr/share/texlive/texmf-dist/tex/latex/hyperref/nameref.sty
Package: nameref 2023-11-26 v2.56 Cross-referencing by name of section

(/usr/share/texlive/texmf-dist/tex/latex/refcount/refcount.sty
Package: refcount 2019/12/15 v3.6 Data extraction from label references (HO)
)
(/usr/share/texlive/texmf-dist/tex/generic/gettitlestring/gettitlestring.sty
Package: gettitlestring 2019/12/15 v1.6 Cleanup title references (HO)

(/usr/share/texlive/texmf-dist/tex/latex/kvoptions/kvoptions.sty
Package: kvoptions 2022-06-15 v3.15 Key value format for package options (HO)
))
\c@section@level=\count316
)
\@linkdim=\dimen289
\Hy@linkcounter=\count317
\Hy@pagecounter=\count318

(/usr/share/texlive/texmf-dist/tex/latex/hyperref/pd1enc.def
File: pd1enc.def 2024-01-20 v7.01h Hyperref: PDFDocEncoding definition (HO)
Now handling font encoding PD1 ...
... no UTF-8 mapping file for font encoding PD1
)
(/usr/share/texlive/texmf-dist/tex/generic/intcalc/intcalc.sty
Package: intcalc 2019/12/15 v1.3 Expandable calculations with integers (HO)
)
\Hy@SavedSpaceFactor=\count319

(/usr/share/texlive/texmf-dist/tex/latex/hyperref/puenc.def
File: puenc.def 2024-01-20 v7.01h Hyperref: PDF Unicode definition (HO)
Now handling font encoding PU ...
... no UTF-8 mapping file for font encoding PU
)
Package hyperref Info: Hyper figures OFF on input line 4179.
Package hyperref Info: Link nesting OFF on input line 4184.
Package hyperref Info: Hyper index ON on input line 4187.
Package hyperref Info: Plain pages OFF on input line 4194.
Package hyperref Info: Backreferencing OFF on input line 4199.
Package hyperref Info: Implicit mode ON; LaTeX internals redefined.
Package hyperref Info: Bookmarks ON on input line 4446.
\c@Hy@tempcnt=\count320

(/usr/share/texlive/texmf-dist/tex/latex/url/url.sty
\Urlmuskip=\muskip16
Package: url 2013/09/16  ver 3.4  Verb mode for urls, etc.
)
LaTeX Info: Redefining \url on input line 4784.
\XeTeXLinkMargin=\dimen290

(/usr/share/texlive/texmf-dist/tex/generic/bitset/bitset.sty
Package: bitset 2019/12/09 v1.3 Handle bit-vector datatype (HO)

(/usr/share/texlive/texmf-dist/tex/generic/bigintcalc/bigintcalc.sty
Package: bigintcalc 2019/12/15 v1.5 Expandable calculations on big integers (HO
)
))
\Fld@menulength=\count321
\Field@Width=\dimen291
\Fld@charsize=\dimen292
Package hyperref Info: Hyper figures OFF on input line 6063.
Package hyperref Info: Link nesting OFF on input line 6068.
Package hyperref Info: Hyper index ON on input line 6071.
Package hyperref Info: backreferencing OFF on input line 6078.
Package hyperref Info: Link coloring OFF on input line 6083.
Package hyperref Info: Link coloring with OCG OFF on input line 6088.
Package hyperref Info: PDF/A mode OFF on input line 6093.

(/usr/share/texlive/texmf-dist/tex/latex/base/atbegshi-ltx.sty
Package: atbegshi-ltx 2021/01/10 v1.0c Emulation of the original atbegshi
package with kernel methods
)
\Hy@abspage=\count322
\c@Item=\count323
\c@Hfootnote=\count324
)
Package hyperref Info: Driver (autodetected): hpdftex.

(/usr/share/texlive/texmf-dist/tex/latex/hyperref/hpdftex.def
File: hpdftex.def 2024-01-20 v7.01h Hyperref driver for pdfTeX

(/usr/share/texlive/texmf-dist/tex/latex/base/atveryend-ltx.sty
Package: atveryend-ltx 2020/08/19 v1.0a Emulation of the original atveryend pac
kage
with kernel methods
)
\Fld@listcount=\count325
\c@bookmark@seq@number=\count326

(/usr/share/texlive/texmf-dist/tex/latex/rerunfilecheck/rerunfilecheck.sty
Package: rerunfilecheck 2022-07-10 v1.10 Rerun checks for auxiliary files (HO)

(/usr/share/texlive/texmf-dist/tex/generic/uniquecounter/uniquecounter.sty
Package: uniquecounter 2019/12/15 v1.4 Provide unlimited unique counter (HO)
)
Package uniquecounter Info: New unique counter `rerunfilecheck' on input line 2
85.
)
\Hy@SectionHShift=\skip68
)
(/usr/share/texlive/texmf-dist/tex/latex/amsmath/amsmath.sty
Package: amsmath 2023/05/13 v2.17o AMS math features
\@mathmargin=\skip69

For additional information on amsmath, use the `?' option.
(/usr/share/texlive/texmf-dist/tex/latex/amsmath/amstext.sty
Package: amstext 2021/08/26 v2.01 AMS text

(/usr/share/texlive/texmf-dist/tex/latex/amsmath/amsgen.sty
File: amsgen.sty 1999/11/30 v2.0 generic functions
\@emptytoks=\toks32
\ex@=\dimen293
))
(/usr/share/texlive/texmf-dist/tex/latex/amsmath/amsbsy.sty
Package: amsbsy 1999/11/29 v1.2d Bold Symbols
\pmbraise@=\dimen294
)
(/usr/share/texlive/texmf-dist/tex/latex/amsmath/amsopn.sty
Package: amsopn 2022/04/08 v2.04 operator names
)
\inf@bad=\count327
LaTeX Info: Redefining \frac on input line 234.
\uproot@=\count328
\leftroot@=\count329
LaTeX Info: Redefining \overline on input line 399.
LaTeX Info: Redefining \colon on input line 410.
\classnum@=\count330
\DOTSCASE@=\count331
LaTeX Info: Redefining \ldots on input line 496.
LaTeX Info: Redefining \dots on input line 499.
LaTeX Info: Redefining \cdots on input line 620.
\Mathstrutbox@=\box85
\strutbox@=\box86
LaTeX Info: Redefining \big on input line 722.
LaTeX Info: Redefining \Big on input line 723.
LaTeX Info: Redefining \bigg on input line 724.
LaTeX Info: Redefining \Bigg on input line 725.
\big@size=\dimen295
LaTeX Font Info:    Redeclaring font encoding OML on input line 743.
LaTeX Font Info:    Redeclaring font encoding OMS on input line 744.
\macc@depth=\count332
LaTeX Info: Redefining \bmod on input line 905.
LaTeX Info: Redefining \pmod on input line 910.
LaTeX Info: Redefining \smash on input line 940.
LaTeX Info: Redefining \relbar on input line 970.
LaTeX Info: Redefining \Relbar on input line 971.
\c@MaxMatrixCols=\count333
\dotsspace@=\muskip17
\c@parentequation=\count334
\dspbrk@lvl=\count335
\tag@help=\toks33
\row@=\count336
\column@=\count337
\maxfields@=\count338
\andhelp@=\toks34
\eqnshift@=\dimen296
\alignsep@=\dimen297
\tagshift@=\dimen298
\tagwidth@=\dimen299
\totwidth@=\dimen300
\lineht@=\dimen301
\@envbody=\toks35
\multlinegap=\skip70
\multlinetaggap=\skip71
\mathdisplay@stack=\toks36
LaTeX Info: Redefining \[ on input line 2953.
LaTeX Info: Redefining \] on input line 2954.
)
(/usr/share/texlive/texmf-dist/tex/latex/amsfonts/amsfonts.sty
Package: amsfonts 2013/01/14 v3.01 Basic AMSFonts support
\symAMSa=\mathgroup4
\symAMSb=\mathgroup5
LaTeX Font Info:    Redeclaring math symbol \hbar on input line 98.
LaTeX Font Info:    Overwriting math alphabet `\mathfrak' in version `bold'
(Font)                  U/euf/m/n --> U/euf/b/n on input line 106.
)
(/usr/share/texlive/texmf-dist/tex/latex/amsfonts/amssymb.sty
Package: amssymb 2013/01/14 v3.01 AMS font symbols
)
(/usr/share/texlive/texmf-dist/tex/latex/doublestroke/dsfont.sty
Package: dsfont 1995/08/01 v0.1 Double stroke roman fonts
)
(/usr/share/texlive/texmf-dist/tex/latex/calrsfs/calrsfs.sty
\symrsfscript=\mathgroup6
)
(/usr/share/texlive/texmf-dist/tex/latex/physics/physics.sty
Package: physics 

(/usr/share/texlive/texmf-dist/tex/latex/l3packages/xparse/xparse.sty
Package: xparse 2023-10-10 L3 Experimental document command parser
))
(/usr/share/texlive/texmf-dist/tex/latex/siunitx/siunitx.sty
Package: siunitx 2024-01-25 v3.3.10 A comprehensive (SI) units package
\l__siunitx_number_uncert_offset_int=\count339
\l__siunitx_number_exponent_fixed_int=\count340
\l__siunitx_number_min_decimal_int=\count341
\l__siunitx_number_min_integer_int=\count342
\l__siunitx_number_round_precision_int=\count343
\l__siunitx_number_lower_threshold_int=\count344
\l__siunitx_number_upper_threshold_int=\count345
\l__siunitx_number_group_first_int=\count346
\l__siunitx_number_group_size_int=\count347
\l__siunitx_number_group_minimum_int=\count348
\l__siunitx_angle_tmp_dim=\dimen302
\l__siunitx_angle_marker_box=\box87
\l__siunitx_angle_unit_box=\box88
\l__siunitx_compound_count_int=\count349

(/usr/share/texlive/texmf-dist/tex/latex/translations/translations.sty
Package: translations 2022/02/05 v1.12 internationalization of LaTeX2e packages
 (CN)
)
\l__siunitx_table_tmp_box=\box89
\l__siunitx_table_tmp_dim=\dimen303
\l__siunitx_table_column_width_dim=\dimen304
\l__siunitx_table_integer_box=\box90
\l__siunitx_table_decimal_box=\box91
\l__siunitx_table_uncert_box=\box92
\l__siunitx_table_before_box=\box93
\l__siunitx_table_after_box=\box94
\l__siunitx_table_before_dim=\dimen305
\l__siunitx_table_carry_dim=\dimen306
\l__siunitx_unit_tmp_int=\count350
\l__siunitx_unit_position_int=\count351
\l__siunitx_unit_total_int=\count352

Package siunitx Info: Option "separate-uncertainty" has been deprecated in
(siunitx)             this release.
(siunitx)             
(siunitx)             Use "uncertainty-mode = separate" as a replacement.

)
(/usr/share/texlive/texmf-dist/tex/latex/biblatex/biblatex.sty
Package: biblatex 2023/03/05 v3.19 programmable bibliographies (PK/MW)

(/usr/share/texlive/texmf-dist/tex/latex/logreq/logreq.sty
Package: logreq 2010/08/04 v1.0 xml request logger
\lrq@indent=\count353

(/usr/share/texlive/texmf-dist/tex/latex/logreq/logreq.def
File: logreq.def 2010/08/04 v1.0 logreq spec v1.0
))
\c@tabx@nest=\count354
\c@listtotal=\count355
\c@listcount=\count356
\c@liststart=\count357
\c@liststop=\count358
\c@citecount=\count359
\c@citetotal=\count360
\c@multicitecount=\count361
\c@multicitetotal=\count362
\c@instcount=\count363
\c@maxnames=\count364
\c@minnames=\count365
\c@maxitems=\count366
\c@minitems=\count367
\c@citecounter=\count368
\c@maxcitecounter=\count369
\c@savedcitecounter=\count370
\c@uniquelist=\count371
\c@uniquename=\count372
\c@refsection=\count373
\c@refsegment=\count374
\c@maxextratitle=\count375
\c@maxextratitleyear=\count376
\c@maxextraname=\count377
\c@maxextradate=\count378
\c@maxextraalpha=\count379
\c@abbrvpenalty=\count380
\c@highnamepenalty=\count381
\c@lownamepenalty=\count382
\c@maxparens=\count383
\c@parenlevel=\count384
\blx@tempcnta=\count385
\blx@tempcntb=\count386
\blx@tempcntc=\count387
\c@blx@maxsection=\count388
\blx@maxsegment@0=\count389
\blx@notetype=\count390
\blx@parenlevel@text=\count391
\blx@parenlevel@foot=\count392
\blx@sectionciteorder@0=\count393
\blx@sectionciteorderinternal@0=\count394
\blx@entrysetcounter=\count395
\blx@biblioinstance=\count396
\labelnumberwidth=\skip72
\labelalphawidth=\skip73
\biblabelsep=\skip74
\bibitemsep=\skip75
\bibnamesep=\skip76
\bibinitsep=\skip77
\bibparsep=\skip78
\bibhang=\skip79
\blx@bcfin=\read2
\blx@bcfout=\write3
\blx@langwohyphens=\language9
\c@mincomprange=\count397
\c@maxcomprange=\count398
\c@mincompwidth=\count399
Package biblatex Info: Trying to load biblatex default data model...
Package biblatex Info: ... file 'blx-dm.def' found.

(/usr/share/texlive/texmf-dist/tex/latex/biblatex/blx-dm.def
File: blx-dm.def 2023/03/05 v3.19 biblatex localization (PK/MW)
)
Package biblatex Info: Trying to load biblatex style data model...
Package biblatex Info: ... file 'numeric.dbx' not found.
Package biblatex Info: Trying to load biblatex custom data model...
Package biblatex Info: ... file 'biblatex-dm.cfg' not found.
\c@afterword=\count400
\c@savedafterword=\count401
\c@annotator=\count402
\c@savedannotator=\count403
\c@author=\count404
\c@savedauthor=\count405
\c@bookauthor=\count406
\c@savedbookauthor=\count407
\c@commentator=\count408
\c@savedcommentator=\count409
\c@editor=\count410
\c@savededitor=\count411
\c@editora=\count412
\c@savededitora=\count413
\c@editorb=\count414
\c@savededitorb=\count415
\c@editorc=\count416
\c@savededitorc=\count417
\c@foreword=\count418
\c@savedforeword=\count419
\c@holder=\count420
\c@savedholder=\count421
\c@introduction=\count422
\c@savedintroduction=\count423
\c@namea=\count424
\c@savednamea=\count425
\c@nameb=\count426
\c@savednameb=\count427
\c@namec=\count428
\c@savednamec=\count429
\c@translator=\count430
\c@savedtranslator=\count431
\c@shortauthor=\count432
\c@savedshortauthor=\count433
\c@shorteditor=\count434
\c@savedshorteditor=\count435
\c@labelname=\count436
\c@savedlabelname=\count437
\c@institution=\count438
\c@savedinstitution=\count439
\c@lista=\count440
\c@savedlista=\count441
\c@listb=\count442
\c@savedlistb=\count443
\c@listc=\count444
\c@savedlistc=\count445
\c@listd=\count446
\c@savedlistd=\count447
\c@liste=\count448
\c@savedliste=\count449
\c@listf=\count450
\c@savedlistf=\count451
\c@location=\count452
\c@savedlocation=\count453
\c@organization=\count454
\c@savedorganization=\count455
\c@origlocation=\count456
\c@savedoriglocation=\count457
\c@origpublisher=\count458
\c@savedorigpublisher=\count459
\c@publisher=\count460
\c@savedpublisher=\count461
\c@language=\count462
\c@savedlanguage=\count463
\c@origlanguage=\count464
\c@savedoriglanguage=\count465
\c@pageref=\count466
\c@savedpageref=\count467
\shorthandwidth=\skip80
\shortjournalwidth=\skip81
\shortserieswidth=\skip82
\shorttitlewidth=\skip83
\shortauthorwidth=\skip84
\shorteditorwidth=\skip85
\locallabelnumberwidth=\skip86
\locallabelalphawidth=\skip87
\localshorthandwidth=\skip88
\localshortjournalwidth=\skip89
\localshortserieswidth=\skip90
\localshorttitlewidth=\skip91
\localshortauthorwidth=\skip92
\localshorteditorwidth=\skip93
Package biblatex Info: Trying to load compatibility code...
Package biblatex Info: ... file 'blx-compat.def' found.

(/usr/share/texlive/texmf-dist/tex/latex/biblatex/blx-compat.def
File: blx-compat.def 2023/03/05 v3.19 biblatex compatibility (PK/MW)
)
Package biblatex Info: Trying to load BibTeX backend compatibility...
Package biblatex Info: ... file 'blx-bibtex.def' found.

(/usr/share/texlive/texmf-dist/tex/latex/biblatex/blx-bibtex.def
File: blx-bibtex.def 2023/03/05 v3.19 biblatex compatibility (PK/MW)


Package biblatex Warning: Using fall-back bibtex backend:
(biblatex)                functionality may be reduced/unavailable.

)
Package biblatex Info: Trying to load generic definitions...
Package biblatex Info: ... file 'biblatex.def' found.
 (/usr/share/texlive/texmf-dist/tex/latex/biblatex/biblatex.def
File: biblatex.def 2023/03/05 v3.19 biblatex compatibility (PK/MW)
\c@textcitecount=\count468
\c@textcitetotal=\count469
\c@textcitemaxnames=\count470
\c@biburlbigbreakpenalty=\count471
\c@biburlbreakpenalty=\count472
\c@biburlnumpenalty=\count473
\c@biburlucpenalty=\count474
\c@biburllcpenalty=\count475
\biburlbigskip=\muskip18
\biburlnumskip=\muskip19
\biburlucskip=\muskip20
\biburllcskip=\muskip21
\c@smartand=\count476
)
Package biblatex Info: Trying to load bibliography style 'numeric'...
Package biblatex Info: ... file 'numeric.bbx' found.

(/usr/share/texlive/texmf-dist/tex/latex/biblatex/bbx/numeric.bbx
File: numeric.bbx 2023/03/05 v3.19 biblatex bibliography style (PK/MW)
Package biblatex Info: Trying to load bibliography style 'standard'...
Package biblatex Info: ... file 'standard.bbx' found.

(/usr/share/texlive/texmf-dist/tex/latex/biblatex/bbx/standard.bbx
File: standard.bbx 2023/03/05 v3.19 biblatex bibliography style (PK/MW)
\c@bbx:relatedcount=\count477
\c@bbx:relatedtotal=\count478
))
Package biblatex Info: Trying to load citation style 'numeric'...
Package biblatex Info: ... file 'numeric.cbx' found.

(/usr/share/texlive/texmf-dist/tex/latex/biblatex/cbx/numeric.cbx
File: numeric.cbx 2023/03/05 v3.19 biblatex citation style (PK/MW)
Package biblatex Info: Redefining '\cite'.
Package biblatex Info: Redefining '\parencite'.
Package biblatex Info: Redefining '\footcite'.
Package biblatex Info: Redefining '\footcitetext'.
Package biblatex Info: Redefining '\smartcite'.
Package biblatex Info: Redefining '\supercite'.
Package biblatex Info: Redefining '\textcite'.
Package biblatex Info: Redefining '\textcites'.
Package biblatex Info: Redefining '\cites'.
Package biblatex Info: Redefining '\parencites'.
Package biblatex Info: Redefining '\smartcites'.
)
Package biblatex Info: Trying to load configuration file...
Package biblatex Info: ... file 'biblatex.cfg' found.

(/usr/share/texlive/texmf-dist/tex/latex/biblatex/biblatex.cfg
File: biblatex.cfg 
)
Package biblatex Info: Input encoding 'utf8' detected.
Package biblatex Info: Document encoding is UTF8 ....
Package biblatex Info: ... and expl3
(biblatex)             2024-01-22 L3 programming layer (loader) 
(biblatex)             is new enough (at least 2020/04/06),
(biblatex)             setting 'casechanger=expl3'.

(/usr/share/texlive/texmf-dist/tex/latex/biblatex/blx-case-expl3.sty
Package: blx-case-expl3 2023/03/05 v3.19 expl3 case changing code for biblatex
))
(/usr/share/texlive/texmf-dist/tex/latex/newtx/newtxtext.sty
Package: newtxtext 2024/01/11 v1.737(Michael Sharpe) latex and unicode latex su
pport for TeXGyreTermesX

`newtxtext' v1.737, 2024/01/11 Text macros taking advantage of TeXGyre Termes a
nd its extensions (msharpe)
(/usr/share/texlive/texmf-dist/tex/latex/xpatch/xpatch.sty
Package: xpatch 2020/03/25 v0.3a Extending etoolbox patching commands
)
(/usr/share/texlive/texmf-dist/tex/latex/xkeyval/xkeyval.sty
Package: xkeyval 2022/06/16 v2.9 package option processing (HA)

(/usr/share/texlive/texmf-dist/tex/generic/xkeyval/xkeyval.tex
(/usr/share/texlive/texmf-dist/tex/generic/xkeyval/xkvutils.tex
\XKV@toks=\toks37
\XKV@tempa@toks=\toks38
)
\XKV@depth=\count479
File: xkeyval.tex 2014/12/03 v2.7a key=value parser (HA)
))
(/usr/share/texlive/texmf-dist/tex/latex/base/textcomp.sty
Package: textcomp 2020/02/02 v2.0n Standard LaTeX package
)
(/usr/share/texlive/texmf-dist/tex/generic/xstring/xstring.sty
(/usr/share/texlive/texmf-dist/tex/generic/xstring/xstring.tex
\xs_counta=\count480
\xs_countb=\count481
)
Package: xstring 2023/08/22 v1.86 String manipulations (CT)
)
(/usr/share/texlive/texmf-dist/tex/latex/carlisle/scalefnt.sty)
LaTeX Font Info:    Setting ntxLF sub-encoding to TS1/0 on input line 24.
LaTeX Font Info:    Setting ntxTLF sub-encoding to TS1/0 on input line 24.
LaTeX Font Info:    Setting ntxOsF sub-encoding to TS1/0 on input line 24.
LaTeX Font Info:    Setting ntxTOsF sub-encoding to TS1/0 on input line 24.

(/usr/share/texlive/texmf-dist/tex/generic/kastrup/binhex.tex)
\ntx@tmpcnta=\count482
\ntx@cnt=\count483

(/usr/share/texlive/texmf-dist/tex/latex/fontaxes/fontaxes.sty
Package: fontaxes 2020/07/21 v1.0e Font selection axes
LaTeX Info: Redefining \upshape on input line 29.
LaTeX Info: Redefining \itshape on input line 31.
LaTeX Info: Redefining \slshape on input line 33.
LaTeX Info: Redefining \swshape on input line 35.
LaTeX Info: Redefining \scshape on input line 37.
LaTeX Info: Redefining \sscshape on input line 39.
LaTeX Info: Redefining \ulcshape on input line 41.
LaTeX Info: Redefining \textsw on input line 47.
LaTeX Info: Redefining \textssc on input line 48.
LaTeX Info: Redefining \textulc on input line 49.
)
\tx@sixem=\dimen307
\tx@y=\dimen308
\tx@x=\dimen309
\tx@tmpdima=\dimen310
\tx@tmpdimb=\dimen311
\tx@tmpdimc=\dimen312
\tx@tmpdimd=\dimen313
\tx@tmpdime=\dimen314
\tx@tmpdimf=\dimen315
\tx@dimA=\dimen316
\tx@dimAA=\dimen317
\tx@dimB=\dimen318
\tx@dimBB=\dimen319
\tx@dimC=\dimen320
LaTeX Info: Redefining \oldstylenums on input line 893.
)
(/usr/share/texlive/texmf-dist/tex/latex/newtx/newtxmath.sty
Package: newtxmath 2023/11/05 v1.732

`newtxmath' v1.732, 2023/11/05 Math macros based originally on txfonts (msharpe
) (/usr/share/texlive/texmf-dist/tex/latex/oberdiek/centernot.sty
Package: centernot 2016/05/16 v1.4 Centers the not symbol horizontally (HO)
)
\tx@cntz=\count484

(/usr/share/texlive/texmf-dist/tex/generic/kastrup/binhex.tex)
\tx@Isdigit=\count485
\tx@IsAlNum=\count486
\tx@tA=\toks39
\tx@tB=\toks40
\tx@su=\read3

amsthm NOT loaded
LaTeX Font Info:    Redeclaring symbol font `operators' on input line 390.
LaTeX Font Info:    Overwriting symbol font `operators' in version `normal'
(Font)                  OT1/cmr/m/n --> OT1/minntx/m/n on input line 390.
LaTeX Font Info:    Overwriting symbol font `operators' in version `bold'
(Font)                  OT1/cmr/bx/n --> OT1/minntx/m/n on input line 390.
LaTeX Font Info:    Overwriting symbol font `operators' in version `bold'
(Font)                  OT1/minntx/m/n --> OT1/minntx/b/n on input line 391.
LaTeX Font Info:    Redeclaring math alphabet \mathsf on input line 397.
LaTeX Font Info:    Overwriting math alphabet `\mathsf' in version `normal'
(Font)                  OT1/cmss/m/n --> T1/qhv/m/n on input line 397.
LaTeX Font Info:    Overwriting math alphabet `\mathsf' in version `bold'
(Font)                  OT1/cmss/bx/n --> T1/qhv/m/n on input line 397.
LaTeX Font Info:    Redeclaring math alphabet \mathit on input line 398.
LaTeX Font Info:    Overwriting math alphabet `\mathit' in version `normal'
(Font)                  OT1/cmr/m/it --> OT1/minntx/m/it on input line 398.
LaTeX Font Info:    Overwriting math alphabet `\mathit' in version `bold'
(Font)                  OT1/cmr/bx/it --> OT1/minntx/m/it on input line 398.
LaTeX Font Info:    Redeclaring math alphabet \mathtt on input line 399.
LaTeX Font Info:    Overwriting math alphabet `\mathtt' in version `normal'
(Font)                  OT1/cmtt/m/n --> T1/ntxtt/m/n on input line 399.
LaTeX Font Info:    Overwriting math alphabet `\mathtt' in version `bold'
(Font)                  OT1/cmtt/m/n --> T1/ntxtt/m/n on input line 399.
LaTeX Font Info:    Redeclaring math alphabet \mathbf on input line 401.
LaTeX Font Info:    Overwriting math alphabet `\mathbf' in version `normal'
(Font)                  OT1/cmr/bx/n --> OT1/minntx/b/n on input line 401.
LaTeX Font Info:    Overwriting math alphabet `\mathbf' in version `bold'
(Font)                  OT1/cmr/bx/n --> OT1/minntx/b/n on input line 401.
LaTeX Font Info:    Overwriting math alphabet `\mathit' in version `bold'
(Font)                  OT1/minntx/m/it --> OT1/minntx/b/it on input line 402.
LaTeX Font Info:    Overwriting math alphabet `\mathsf' in version `bold'
(Font)                  T1/qhv/m/n --> T1/qhv/b/n on input line 403.
LaTeX Font Info:    Overwriting math alphabet `\mathtt' in version `bold'
(Font)                  T1/ntxtt/m/n --> T1/ntxtt/b/n on input line 404.
LaTeX Font Info:    Redeclaring symbol font `letters' on input line 506.
LaTeX Font Info:    Overwriting symbol font `letters' in version `normal'
(Font)                  OML/cmm/m/it --> OML/ntxmi/m/it on input line 506.
LaTeX Font Info:    Overwriting symbol font `letters' in version `bold'
(Font)                  OML/cmm/b/it --> OML/ntxmi/m/it on input line 506.
LaTeX Font Info:    Overwriting symbol font `letters' in version `bold'
(Font)                  OML/ntxmi/m/it --> OML/ntxmi/b/it on input line 507.
\symlettersA=\mathgroup7
LaTeX Font Info:    Overwriting symbol font `lettersA' in version `bold'
(Font)                  U/ntxmia/m/it --> U/ntxmia/b/it on input line 562.
LaTeX Font Info:    Redeclaring math alphabet \mathfrak on input line 564.
Now handling font encoding LMS ...
... no UTF-8 mapping file for font encoding LMS
LaTeX Font Info:    Redeclaring symbol font `symbols' on input line 583.
LaTeX Font Info:    Encoding `OMS' has changed to `LMS' for symbol font
(Font)              `symbols' in the math version `normal' on input line 583.
LaTeX Font Info:    Overwriting symbol font `symbols' in version `normal'
(Font)                  OMS/cmsy/m/n --> LMS/ntxsy/m/n on input line 583.
LaTeX Font Info:    Encoding `OMS' has changed to `LMS' for symbol font
(Font)              `symbols' in the math version `bold' on input line 583.
LaTeX Font Info:    Overwriting symbol font `symbols' in version `bold'
(Font)                  OMS/cmsy/b/n --> LMS/ntxsy/m/n on input line 583.
LaTeX Font Info:    Overwriting symbol font `symbols' in version `bold'
(Font)                  LMS/ntxsy/m/n --> LMS/ntxsy/b/n on input line 584.
\symAMSm=\mathgroup8
LaTeX Font Info:    Overwriting symbol font `AMSm' in version `bold'
(Font)                  U/ntxsym/m/n --> U/ntxsym/b/n on input line 609.
\symsymbolsC=\mathgroup9
LaTeX Font Info:    Overwriting symbol font `symbolsC' in version `bold'
(Font)                  U/ntxsyc/m/n --> U/ntxsyc/b/n on input line 630.
Now handling font encoding LMX ...
... no UTF-8 mapping file for font encoding LMX
LaTeX Font Info:    Redeclaring symbol font `largesymbols' on input line 643.
LaTeX Font Info:    Encoding `OMX' has changed to `LMX' for symbol font
(Font)              `largesymbols' in the math version `normal' on input line 6
43.
LaTeX Font Info:    Overwriting symbol font `largesymbols' in version `normal'
(Font)                  OMX/cmex/m/n --> LMX/ntxexx/m/n on input line 643.
LaTeX Font Info:    Encoding `OMX' has changed to `LMX' for symbol font
(Font)              `largesymbols' in the math version `bold' on input line 643
.
LaTeX Font Info:    Overwriting symbol font `largesymbols' in version `bold'
(Font)                  OMX/cmex/m/n --> LMX/ntxexx/m/n on input line 643.
LaTeX Font Info:    Overwriting symbol font `largesymbols' in version `bold'
(Font)                  LMX/ntxexx/m/n --> LMX/ntxexx/b/n on input line 644.
\symlargesymbolsTXA=\mathgroup10
LaTeX Font Info:    Overwriting symbol font `largesymbolsTXA' in version `bold'

(Font)                  U/ntxexa/m/n --> U/ntxexa/b/n on input line 658.
\tx@sbptoks=\toks41
LaTeX Font Info:    Redeclaring math delimiter \lfloor on input line 881.
LaTeX Font Info:    Redeclaring math delimiter \rfloor on input line 882.
LaTeX Font Info:    Redeclaring math delimiter \lceil on input line 883.
LaTeX Font Info:    Redeclaring math delimiter \rceil on input line 884.
LaTeX Font Info:    Redeclaring math delimiter \lbrace on input line 889.
LaTeX Font Info:    Redeclaring math delimiter \rbrace on input line 890.
LaTeX Font Info:    Redeclaring math delimiter \langle on input line 892.
LaTeX Font Info:    Redeclaring math delimiter \rangle on input line 894.
LaTeX Font Info:    Redeclaring math delimiter \arrowvert on input line 898.
LaTeX Font Info:    Redeclaring math delimiter \vert on input line 899.
LaTeX Font Info:    Redeclaring math accent \dot on input line 970.
LaTeX Font Info:    Redeclaring math accent \ddot on input line 971.
LaTeX Font Info:    Redeclaring math accent \vec on input line 2044.
LaTeX Info: Redefining \Bbbk on input line 2834.
LaTeX Info: Redefining \not on input line 2982.
)
Package csquotes Info: Checking for multilingual support...
Package csquotes Info: ... none found.
Package translations Info: No language package found. I am going to use `englis
h' as default language. on input line 89.
LaTeX Font Info:    Trying to load font information for T1+ntxtlf on input line
 89.
 (/usr/share/texlive/texmf-dist/tex/latex/newtx/t1ntxtlf.fd
File: t1ntxtlf.fd 2021/05/24 v1.1 font definition file for T1/ntx/tlf
)
LaTeX Font Info:    Font shape `T1/ntxtlf/m/n' will be
(Font)              scaled to size 12.0pt on input line 89.
 (./main.aux)
\openout1 = `main.aux'.

LaTeX Font Info:    Checking defaults for OML/ntxmi/m/it on input line 89.
LaTeX Font Info:    Trying to load font information for OML+ntxmi on input line
 89.

(/usr/share/texlive/texmf-dist/tex/latex/newtx/omlntxmi.fd
File: omlntxmi.fd 2015/08/25 Fontinst v1.933 font definitions for OML/ntxmi.
)
LaTeX Font Info:    ... okay on input line 89.
LaTeX Font Info:    Checking defaults for OMS/cmsy/m/n on input line 89.
LaTeX Font Info:    ... okay on input line 89.
LaTeX Font Info:    Checking defaults for OT1/cmr/m/n on input line 89.
LaTeX Font Info:    ... okay on input line 89.
LaTeX Font Info:    Checking defaults for T1/cmr/m/n on input line 89.
LaTeX Font Info:    ... okay on input line 89.
LaTeX Font Info:    Checking defaults for TS1/cmr/m/n on input line 89.
LaTeX Font Info:    ... okay on input line 89.
LaTeX Font Info:    Checking defaults for OMX/cmex/m/n on input line 89.
LaTeX Font Info:    ... okay on input line 89.
LaTeX Font Info:    Checking defaults for U/ntxexa/m/n on input line 89.
LaTeX Font Info:    Trying to load font information for U+ntxexa on input line 
89.

(/usr/share/texlive/texmf-dist/tex/latex/newtx/untxexa.fd
File: untxexa.fd 2012/04/16 Fontinst v1.933 font definitions for U/ntxexa.
)
LaTeX Font Info:    ... okay on input line 89.
LaTeX Font Info:    Checking defaults for PD1/pdf/m/n on input line 89.
LaTeX Font Info:    ... okay on input line 89.
LaTeX Font Info:    Checking defaults for PU/pdf/m/n on input line 89.
LaTeX Font Info:    ... okay on input line 89.
LaTeX Font Info:    Checking defaults for LMS/ntxsy/m/n on input line 89.
LaTeX Font Info:    Trying to load font information for LMS+ntxsy on input line
 89.

(/usr/share/texlive/texmf-dist/tex/latex/newtx/lmsntxsy.fd
File: lmsntxsy.fd 2016/07/02 Fontinst v1.933 font definitions for LMS/ntxsy.
)
LaTeX Font Info:    ... okay on input line 89.
LaTeX Font Info:    Checking defaults for LMX/ntxexx/m/n on input line 89.
LaTeX Font Info:    Trying to load font information for LMX+ntxexx on input lin
e 89.

(/usr/share/texlive/texmf-dist/tex/latex/newtx/lmxntxexx.fd
File: lmxntxexx.fd 2016/07/03 Fontinst v1.933 font definitions for LMX/ntxexx.
)
LaTeX Font Info:    ... okay on input line 89.

*geometry* driver: auto-detecting
*geometry* detected driver: pdftex
*geometry* verbose mode - [ preamble ] result:
* driver: pdftex
* paper: a4paper
* layout: <same size as paper>
* layoutoffset:(h,v)=(0.0pt,0.0pt)
* modes: twoside 
* h-part:(L,W,R)=(99.58464pt, 441.01773pt, 56.9055pt)
* v-part:(T,H,B)=(71.13188pt, 702.78308pt, 71.13188pt)
* \paperwidth=597.50787pt
* \paperheight=845.04684pt
* \textwidth=441.01773pt
* \textheight=702.78308pt
* \oddsidemargin=27.31465pt
* \evensidemargin=-15.36449pt
* \topmargin=-38.1381pt
* \headheight=12.0pt
* \headsep=25.0pt
* \topskip=12.0pt
* \footskip=30.0pt
* \marginparwidth=85.0pt
* \marginparsep=10.0pt
* \columnsep=10.0pt
* \skip\footins=10.8pt plus 4.0pt minus 2.0pt
* \hoffset=0.0pt
* \voffset=0.0pt
* \mag=1000
* \@twocolumnfalse
* \@twosidetrue
* \@mparswitchtrue
* \@reversemarginfalse
* (1in=72.27pt=25.4mm, 1cm=28.453pt)

LaTeX Info: Redefining \microtypecontext on input line 89.
Package microtype Info: Applying patch `item' on input line 89.
Package microtype Info: Applying patch `toc' on input line 89.
Package microtype Info: Applying patch `eqnum' on input line 89.
Package microtype Info: Applying patch `footnote' on input line 89.
Package microtype Info: Applying patch `verbatim' on input line 89.
Package microtype Info: Generating PDF output.
Package microtype Info: Character protrusion enabled (level 2).
Package microtype Info: Using default protrusion set `alltext'.
Package microtype Info: Automatic font expansion enabled (level 2),
(microtype)             stretch: 20, shrink: 20, step: 1, non-selected.
Package microtype Info: Using default expansion set `alltext-nott'.
LaTeX Info: Redefining \showhyphens on input line 89.
Package microtype Info: No adjustment of tracking.
Package microtype Info: No adjustment of interword spacing.
Package microtype Info: No adjustment of character kerning.
(/usr/share/texlive/texmf-dist/tex/latex/microtype/mt-ptm.cfg
File: mt-ptm.cfg 2006/04/20 v1.7 microtype config. file: Times (RS)
)
(/usr/share/texlive/texmf-dist/tex/context/base/mkii/supp-pdf.mkii
[Loading MPS to PDF converter (version 2006.09.02).]
\scratchcounter=\count487
\scratchdimen=\dimen321
\scratchbox=\box95
\nofMPsegments=\count488
\nofMParguments=\count489
\everyMPshowfont=\toks42
\MPscratchCnt=\count490
\MPscratchDim=\dimen322
\MPnumerator=\count491
\makeMPintoPDFobject=\count492
\everyMPtoPDFconversion=\toks43
) (/usr/share/texlive/texmf-dist/tex/latex/epstopdf-pkg/epstopdf-base.sty
Package: epstopdf-base 2020-01-24 v2.11 Base part for package epstopdf
Package epstopdf-base Info: Redefining graphics rule for `.eps' on input line 4
85.

(/usr/share/texlive/texmf-dist/tex/latex/latexconfig/epstopdf-sys.cfg
File: epstopdf-sys.cfg 2010/07/13 v1.3 Configuration of (r)epstopdf for TeX Liv
e
))
Package caption Info: Begin \AtBeginDocument code.
Package caption Info: hyperref package is loaded.
Package caption Info: wrapfig package is loaded.
Package caption Info: End \AtBeginDocument code.

(/usr/share/texlive/texmf-dist/tex/latex/pdflscape/pdflscape.sty
Package: pdflscape 2022-10-27 v0.13 Display of landscape pages in PDF

(/usr/share/texlive/texmf-dist/tex/latex/pdflscape/pdflscape-nometadata.sty
Package: pdflscape-nometadata 2022-10-28 v0.13 Display of landscape pages in PD
F (HO)

(/usr/share/texlive/texmf-dist/tex/latex/graphics/lscape.sty
Package: lscape 2020/05/28 v3.02 Landscape Pages (DPC)
)
Package pdflscape Info: Auto-detected driver: pdftex on input line 81.
))
(/usr/share/texlive/texmf-dist/tex/latex/ninecolors/ninecolors.sty
Package: ninecolors 2022-02-13 v2022D Select colors with proper color contrast
)
Package hyperref Info: Link coloring OFF on input line 89.
 (./main.out) (./main.out)
\@outlinefile=\write4
\openout4 = `main.out'.

LaTeX Info: Command `\dddot' is already robust on input line 89.
LaTeX Info: Command `\ddddot' is already robust on input line 89.


Package siunitx Warning: Detected the "physics" package:
(siunitx)                omitting definition of \qty.
(siunitx)                
(siunitx)                If you want to use \qty with the siunitx definition,
(siunitx)                add 
(siunitx)                
(siunitx)                    \AtBeginDocument{\RenewCommandCopy\qty\SI}
(siunitx)                
(siunitx)                to your preamble.


(/usr/share/texlive/texmf-dist/tex/latex/translations/translations-basic-dictio
nary-english.trsl
File: translations-basic-dictionary-english.trsl (english translation file `tra
nslations-basic-dictionary')
)
Package translations Info: loading dictionary `translations-basic-dictionary' f
or `english'. on input line 89.
Package biblatex Info: Trying to load language 'english'...
Package biblatex Info: ... file 'english.lbx' found.

(/usr/share/texlive/texmf-dist/tex/latex/biblatex/lbx/english.lbx
File: english.lbx 2023/03/05 v3.19 biblatex localization (PK/MW)
)
Package biblatex Info: Input encoding 'utf8' detected.
Package biblatex Info: Automatic encoding selection.
(biblatex)             Assuming data encoding 'utf8'.
Package biblatex Info: Input encoding 'utf8' detected.
Package biblatex Info: Data encoding 'utf8' specified.
(biblatex)             No need to reencode data.
\openout3 = `main-blx.bib'.

Package biblatex Info: Trying to load bibliographic data...
Package biblatex Info: ... file 'main.bbl' found.
 (./main.bbl

Package biblatex Warning: BibTeX reported the following issues
(biblatex)                with 'Abbott_2009':
(biblatex)                - Invalid format of field 'month'.


Package biblatex Warning: BibTeX reported the following issues
(biblatex)                with 'Aasi_2015':
(biblatex)                - Invalid format of field 'month'.


Package biblatex Warning: BibTeX reported the following issues
(biblatex)                with 'PhysRevLett.116.061102':
(biblatex)                - Invalid format of field 'month'.


Package biblatex Warning: BibTeX reported the following issues
(biblatex)                with 'Punturo_2010':
(biblatex)                - Invalid format of field 'month'.


Package biblatex Warning: BibTeX reported the following issues
(biblatex)                with 'Hild_2011':
(biblatex)                - Invalid format of field 'month'.


Package biblatex Warning: BibTeX reported the following issues
(biblatex)                with 'PhysRevD.85.122006':
(biblatex)                - Invalid format of field 'month'.


Package biblatex Warning: BibTeX reported the following issues
(biblatex)                with 'PhysRevD.100.063015':
(biblatex)                - Invalid format of field 'month'.


Package biblatex Warning: BibTeX reported the following issues
(biblatex)                with 'Papalini_2025':
(biblatex)                - Invalid format of field 'month'.


Package biblatex Warning: BibTeX reported the following issues
(biblatex)                with 'Acernese_2008':
(biblatex)                - Invalid format of field 'month'.


Package biblatex Warning: BibTeX reported the following issues
(biblatex)                with 'PhysRevX.9.031040':
(biblatex)                - Invalid format of field 'month'.


Package biblatex Warning: BibTeX reported the following issues
(biblatex)                with 'PhysRevX.11.021053':
(biblatex)                - Invalid format of field 'month'.


Package biblatex Warning: BibTeX reported the following issues
(biblatex)                with 'PhysRevX.13.041039':
(biblatex)                - Invalid format of field 'month'.


Package biblatex Warning: BibTeX reported the following issues
(biblatex)                with 'ET-0007C-20':
(biblatex)                - Invalid format of field 'month'.


Package biblatex Warning: BibTeX reported the following issues
(biblatex)                with 'cs231n_neural_networks':
(biblatex)                - Invalid format of field 'urldate'.


Package biblatex Warning: BibTeX reported the following issues
(biblatex)                with 'ET-0304B-22':
(biblatex)                - Invalid format of field 'month'.


Package biblatex Warning: BibTeX reported the following issues
(biblatex)                with 'Abbott_2020':
(biblatex)                - Invalid format of field 'month'.


Package biblatex Warning: BibTeX reported the following issues
(biblatex)                with 'PhysRevD.109.102002':
(biblatex)                - Invalid format of field 'month'.


Package biblatex Warning: BibTeX reported the following issues
(biblatex)                with 'PhysRevD.110.104060':
(biblatex)                - Invalid format of field 'month'.


Package biblatex Warning: BibTeX reported the following issues
(biblatex)                with 'PhysRevD.90.124004':
(biblatex)                - Invalid format of field 'month'.


Package biblatex Warning: BibTeX reported the following issues
(biblatex)                with 'PhysRevD.93.044007':
(biblatex)                - Invalid format of field 'month'.


Package biblatex Warning: BibTeX reported the following issues
(biblatex)                with 'pmlr-v37-ioffe15':
(biblatex)                - Invalid format of field 'month'.

)
Package biblatex Info: Reference section=0 on input line 89.
Package biblatex Info: Reference segment=0 on input line 89.
\c@mv@tabular=\count493
\c@mv@boldtabular=\count494
<titlepage.pdf, id=188, 597.50829pt x 845.0471pt>
File: titlepage.pdf Graphic file (type pdf)
<use titlepage.pdf>
Package pdftex.def Info: titlepage.pdf  used on input line 93.
(pdftex.def)             Requested size: 597.50682pt x 845.04504pt.
File: titlepage.pdf Graphic file (type pdf)
<use titlepage.pdf>
Package pdftex.def Info: titlepage.pdf  used on input line 93.
(pdftex.def)             Requested size: 597.50682pt x 845.04504pt.
<titlepage.pdf, id=191, page=1, 597.50829pt x 845.0471pt>
File: titlepage.pdf Graphic file (type pdf)
<use titlepage.pdf, page 1>
Package pdftex.def Info: titlepage.pdf , page1 used on input line 93.
(pdftex.def)             Requested size: 597.50682pt x 845.04504pt.
File: titlepage.pdf Graphic file (type pdf)
<use titlepage.pdf, page 1>
Package pdftex.def Info: titlepage.pdf , page1 used on input line 93.
(pdftex.def)             Requested size: 597.53416pt x 845.08372pt.
File: titlepage.pdf Graphic file (type pdf)
<use titlepage.pdf, page 1>
Package pdftex.def Info: titlepage.pdf , page1 used on input line 93.
(pdftex.def)             Requested size: 597.53416pt x 845.08372pt.
File: titlepage.pdf Graphic file (type pdf)
<use titlepage.pdf, page 1>
Package pdftex.def Info: titlepage.pdf , page1 used on input line 93.
(pdftex.def)             Requested size: 597.53416pt x 845.08372pt.
File: titlepage.pdf Graphic file (type pdf)
<use titlepage.pdf, page 1>
Package pdftex.def Info: titlepage.pdf , page1 used on input line 93.
(pdftex.def)             Requested size: 597.53416pt x 845.08372pt.
 [1


 <./titlepage.pdf{/var/lib/texmf/fonts/map/pdftex/updmap/pdftex.map}>]

pdfTeX warning: /usr/bin/pdflatex (file ./plagiatserklarung_eng_neu_signed.pdf)
: PDF inclusion: found PDF version <1.7>, but at most version <1.5> allowed
<plagiatserklarung_eng_neu_signed.pdf, id=215, 598.235pt x 845.1575pt>
File: plagiatserklarung_eng_neu_signed.pdf Graphic file (type pdf)
<use plagiatserklarung_eng_neu_signed.pdf>
Package pdftex.def Info: plagiatserklarung_eng_neu_signed.pdf  used on input li
ne 95.
(pdftex.def)             Requested size: 598.23354pt x 845.15544pt.


pdfTeX warning: /usr/bin/pdflatex (file ./plagiatserklarung_eng_neu_signed.pdf)
: PDF inclusion: found PDF version <1.7>, but at most version <1.5> allowed
File: plagiatserklarung_eng_neu_signed.pdf Graphic file (type pdf)
<use plagiatserklarung_eng_neu_signed.pdf>
Package pdftex.def Info: plagiatserklarung_eng_neu_signed.pdf  used on input li
ne 95.
(pdftex.def)             Requested size: 598.23354pt x 845.15544pt.


pdfTeX warning: /usr/bin/pdflatex (file ./plagiatserklarung_eng_neu_signed.pdf)
: PDF inclusion: found PDF version <1.7>, but at most version <1.5> allowed


pdfTeX warning: /usr/bin/pdflatex (file ./plagiatserklarung_eng_neu_signed.pdf)
: PDF inclusion: found PDF version <1.7>, but at most version <1.5> allowed
<plagiatserklarung_eng_neu_signed.pdf, id=218, page=1, 598.235pt x 845.1575pt>
File: plagiatserklarung_eng_neu_signed.pdf Graphic file (type pdf)
<use plagiatserklarung_eng_neu_signed.pdf, page 1>
Package pdftex.def Info: plagiatserklarung_eng_neu_signed.pdf , page1 used on i
nput line 95.
(pdftex.def)             Requested size: 598.23354pt x 845.15544pt.
File: plagiatserklarung_eng_neu_signed.pdf Graphic file (type pdf)
<use plagiatserklarung_eng_neu_signed.pdf, page 1>
Package pdftex.def Info: plagiatserklarung_eng_neu_signed.pdf , page1 used on i
nput line 95.
(pdftex.def)             Requested size: 597.7406pt x 844.45905pt.
File: plagiatserklarung_eng_neu_signed.pdf Graphic file (type pdf)
<use plagiatserklarung_eng_neu_signed.pdf, page 1>
Package pdftex.def Info: plagiatserklarung_eng_neu_signed.pdf , page1 used on i
nput line 95.
(pdftex.def)             Requested size: 597.7406pt x 844.45905pt.
File: plagiatserklarung_eng_neu_signed.pdf Graphic file (type pdf)
<use plagiatserklarung_eng_neu_signed.pdf, page 1>
Package pdftex.def Info: plagiatserklarung_eng_neu_signed.pdf , page1 used on i
nput line 95.
(pdftex.def)             Requested size: 597.7406pt x 844.45905pt.
[2

]
File: plagiatserklarung_eng_neu_signed.pdf Graphic file (type pdf)
<use plagiatserklarung_eng_neu_signed.pdf, page 1>
Package pdftex.def Info: plagiatserklarung_eng_neu_signed.pdf , page1 used on i
nput line 95.
(pdftex.def)             Requested size: 597.7406pt x 844.45905pt.
File: plagiatserklarung_eng_neu_signed.pdf Graphic file (type pdf)
<use plagiatserklarung_eng_neu_signed.pdf, page 1>
Package pdftex.def Info: plagiatserklarung_eng_neu_signed.pdf , page1 used on i
nput line 95.
(pdftex.def)             Requested size: 597.7406pt x 844.45905pt.
File: plagiatserklarung_eng_neu_signed.pdf Graphic file (type pdf)
<use plagiatserklarung_eng_neu_signed.pdf, page 1>
Package pdftex.def Info: plagiatserklarung_eng_neu_signed.pdf , page1 used on i
nput line 95.
(pdftex.def)             Requested size: 597.7406pt x 844.45905pt.
 [3

 <./plagiatserklarung_eng_neu_signed.pdf>] [4

{/usr/share/texlive/texmf-dist/fonts/enc/dvips/newtx/ntx-ec-tlf.enc}]
LaTeX Font Info:    Font shape `T1/ntxtlf/m/n' will be
(Font)              scaled to size 24.88pt on input line 97.
LaTeX Font Info:    Font shape `T1/ntxtlf/b/n' will be
(Font)              scaled to size 24.88pt on input line 97.
 (./main.toc
LaTeX Font Info:    Font shape `T1/ntxtlf/b/n' will be
(Font)              scaled to size 12.0pt on input line 1.
LaTeX Font Info:    Trying to load font information for OT1+minntx on input lin
e 3.

(/usr/share/texlive/texmf-dist/tex/latex/newtx/ot1minntx.fd
File: ot1minntx.fd 2023/09/09 v1.1 font definition file for OT1/minntx
)
Package microtype Info: Loading generic protrusion settings for font family
(microtype)             `minntx' (encoding: OT1).
(microtype)             For optimal results, create family-specific settings.
(microtype)             See the microtype manual for details.
LaTeX Font Info:    Trying to load font information for U+msa on input line 3.

(/usr/share/texlive/texmf-dist/tex/latex/amsfonts/umsa.fd
File: umsa.fd 2013/01/14 v3.01 AMS symbols A
)
(/usr/share/texlive/texmf-dist/tex/latex/microtype/mt-msa.cfg
File: mt-msa.cfg 2006/02/04 v1.1 microtype config. file: AMS symbols (a) (RS)
)
LaTeX Font Info:    Trying to load font information for U+msb on input line 3.

(/usr/share/texlive/texmf-dist/tex/latex/amsfonts/umsb.fd
File: umsb.fd 2013/01/14 v3.01 AMS symbols B
)
(/usr/share/texlive/texmf-dist/tex/latex/microtype/mt-msb.cfg
File: mt-msb.cfg 2005/06/01 v1.0 microtype config. file: AMS symbols (b) (RS)
)
LaTeX Font Info:    Trying to load font information for OMS+rsfs on input line 
3.

(/usr/share/texlive/texmf-dist/tex/latex/calrsfs/OMSrsfs.fd)
LaTeX Font Info:    Trying to load font information for U+ntxmia on input line 
3.

(/usr/share/texlive/texmf-dist/tex/latex/newtx/untxmia.fd
File: untxmia.fd 2018/04/14 Fontinst v1.933 font definitions for U/ntxmia.
)
LaTeX Font Info:    Trying to load font information for U+ntxsym on input line 
3.

(/usr/share/texlive/texmf-dist/tex/latex/newtx/untxsym.fd
File: untxsym.fd 2023/08/16 Fontinst v1.933 font definitions for U/ntxsym.
)
LaTeX Font Info:    Trying to load font information for U+ntxsyc on input line 
3.

(/usr/share/texlive/texmf-dist/tex/latex/newtx/untxsyc.fd
File: untxsyc.fd 2012/04/12 Fontinst v1.933 font definitions for U/ntxsyc.
) [5])
\tf@toc=\write5
\openout5 = `main.toc'.

 [6]
Chapter 1.
(./introduction/text.tex
LaTeX Font Info:    Font shape `T1/ntxtlf/m/it' will be
(Font)              scaled to size 12.0pt on input line 8.
LaTeX Font Info:    Trying to load font information for OMS+zplm on input line 
15.

(/usr/share/texlive/texmf-dist/tex/latex/psnfss/omszplm.fd
File: omszplm.fd 2002/09/08 Fontinst v1.914 font definitions for OMS/zplm.
) [1

{/usr/share/texlive/texmf-dist/fonts/enc/dvips/newtx/ntx-ot1-tlf.enc}]) [2]
Chapter 2.
(./theory_of_gravitational_waves/text.tex
LaTeX Font Info:    Font shape `T1/ntxtlf/m/n' will be
(Font)              scaled to size 17.28pt on input line 4.
LaTeX Font Info:    Font shape `T1/ntxtlf/b/n' will be
(Font)              scaled to size 17.28pt on input line 4.
 [3

]
LaTeX Font Info:    Font shape `T1/ntxtlf/m/n' will be
(Font)              scaled to size 8.8pt on input line 49.
LaTeX Font Info:    Font shape `T1/ntxtlf/m/n' will be
(Font)              scaled to size 6.6pt on input line 49.
LaTeX Font Info:    Font shape `T1/ntxtlf/m/n' will be
(Font)              scaled to size 10.0pt on input line 60.


LaTeX Font Warning: Font shape `OMS/rsfs/m/n' in size <5.5> not available
(Font)              size <5> substituted on input line 60.

LaTeX Font Info:    Font shape `T1/ntxtlf/m/n' will be
(Font)              scaled to size 7.3pt on input line 60.
[4]
<theory_of_gravitational_waves/images/test_masses/polarization_trajectories.png
, id=407, 373.6359pt x 139.2402pt>
File: theory_of_gravitational_waves/images/test_masses/polarization_trajectorie
s.png Graphic file (type png)
<use theory_of_gravitational_waves/images/test_masses/polarization_trajectories
.png>
Package pdftex.def Info: theory_of_gravitational_waves/images/test_masses/polar
ization_trajectories.png  used on input line 90.
(pdftex.def)             Requested size: 455.24408pt x 169.65607pt.
 [5 <./theory_of_gravitational_waves/images/test_masses/polarization_trajectori
es.png>] [6]
<theory_of_gravitational_waves/images/cbc_quadrupole/radiation_pattern.png, id=
436, 119.7273pt x 160.1985pt>
File: theory_of_gravitational_waves/images/cbc_quadrupole/radiation_pattern.png
 Graphic file (type png)
<use theory_of_gravitational_waves/images/cbc_quadrupole/radiation_pattern.png>

Package pdftex.def Info: theory_of_gravitational_waves/images/cbc_quadrupole/ra
diation_pattern.png  used on input line 198.
(pdftex.def)             Requested size: 113.81102pt x 152.2806pt.
<theory_of_gravitational_waves/images/coalescences/waveform.png, id=439, 422.77
95pt x 139.2402pt>
File: theory_of_gravitational_waves/images/coalescences/waveform.png Graphic fi
le (type png)
<use theory_of_gravitational_waves/images/coalescences/waveform.png>
Package pdftex.def Info: theory_of_gravitational_waves/images/coalescences/wave
form.png  used on input line 217.
(pdftex.def)             Requested size: 426.79134pt x 140.56987pt.
 [7]) [8 <./theory_of_gravitational_waves/images/coalescences/waveform.png> <./
theory_of_gravitational_waves/images/cbc_quadrupole/radiation_pattern.png>]
Chapter 3.
(./the_einstein_telescope/text.tex
<the_einstein_telescope/images/michelson/michelson.png, id=470, 2227.32124pt x 
1393.205pt>
File: the_einstein_telescope/images/michelson/michelson.png Graphic file (type 
png)
<use the_einstein_telescope/images/michelson/michelson.png>
Package pdftex.def Info: the_einstein_telescope/images/michelson/michelson.png 
 used on input line 9.
(pdftex.def)             Requested size: 398.33858pt x 249.15042pt.
 [9

]
<the_einstein_telescope/images/gw150914_plot_cropped.png, id=489, 2729.19624pt 
x 1360.08125pt>
File: the_einstein_telescope/images/gw150914_plot_cropped.png Graphic file (typ
e png)
<use the_einstein_telescope/images/gw150914_plot_cropped.png>
Package pdftex.def Info: the_einstein_telescope/images/gw150914_plot_cropped.pn
g  used on input line 50.
(pdftex.def)             Requested size: 455.24408pt x 226.85258pt.
<theory_of_gravitational_waves/images/population/population.png, id=492, 402.06
21pt x 172.7253pt>
File: theory_of_gravitational_waves/images/population/population.png Graphic fi
le (type png)
<use theory_of_gravitational_waves/images/population/population.png>
Package pdftex.def Info: theory_of_gravitational_waves/images/population/popula
tion.png  used on input line 57.
(pdftex.def)             Requested size: 426.79134pt x 183.36203pt.
 [10 <./the_einstein_telescope/images/michelson/michelson.png>] [11 <./the_eins
tein_telescope/images/gw150914_plot_cropped.png (PNG copy)> <./theory_of_gravit
ational_waves/images/population/population.png>]
<the_einstein_telescope/images/ET_triangle_01.pdf, id=531, 378.98593pt x 317.93
938pt>
File: the_einstein_telescope/images/ET_triangle_01.pdf Graphic file (type pdf)
<use the_einstein_telescope/images/ET_triangle_01.pdf>
Package pdftex.def Info: the_einstein_telescope/images/ET_triangle_01.pdf  used
 on input line 92.
(pdftex.def)             Requested size: 284.52756pt x 238.7062pt.
<the_einstein_telescope/images/ETD_LF3.png, id=536, 485.8953pt x 446.74905pt>
File: the_einstein_telescope/images/ETD_LF3.png Graphic file (type png)
<use the_einstein_telescope/images/ETD_LF3.png>
Package pdftex.def Info: the_einstein_telescope/images/ETD_LF3.png  used on inp
ut line 113.
(pdftex.def)             Requested size: 227.62204pt x 209.28357pt.
<the_einstein_telescope/images/ETD_HF3.png, id=537, 485.8953pt x 446.74905pt>
File: the_einstein_telescope/images/ETD_HF3.png Graphic file (type png)
<use the_einstein_telescope/images/ETD_HF3.png>
Package pdftex.def Info: the_einstein_telescope/images/ETD_HF3.png  used on inp
ut line 113.
(pdftex.def)             Requested size: 227.62204pt x 209.28357pt.
 [12] [13 <./the_einstein_telescope/images/ET_triangle_01.pdf> <./the_einstein_
telescope/images/ETD_LF3.png> <./the_einstein_telescope/images/ETD_HF3.png>]) [
14]
Chapter 4.
(./matched_filtering/text.tex [15

] [16] [17]) [18]
Chapter 5.
(./machine_learning/text.tex
<machine_learning/images/stanford_neuron.png, id=1558, 760.8425pt x 325.215pt>
File: machine_learning/images/stanford_neuron.png Graphic file (type png)
<use machine_learning/images/stanford_neuron.png>
Package pdftex.def Info: machine_learning/images/stanford_neuron.png  used on i
nput line 26.
(pdftex.def)             Requested size: 241.84842pt x 103.37619pt.
<machine_learning/images/stanford_perceptron.jpeg, id=1559, 661.47125pt x 377.4
1pt>
File: machine_learning/images/stanford_perceptron.jpeg Graphic file (type jpg)
<use machine_learning/images/stanford_perceptron.jpeg>
Package pdftex.def Info: machine_learning/images/stanford_perceptron.jpeg  used
 on input line 26.
(pdftex.def)             Requested size: 241.84842pt x 137.98672pt.

Underfull \vbox (badness 10000) has occurred while \output is active []

 [19

 <./machine_learning/images/stanford_neuron.png> <./machine_learning/images/sta
nford_perceptron.jpeg>]
<machine_learning/images/mlp.png, id=1572, 2125.9425pt x 1074.0125pt>
File: machine_learning/images/mlp.png Graphic file (type png)
<use machine_learning/images/mlp.png>
Package pdftex.def Info: machine_learning/images/mlp.png  used on input line 52
.
(pdftex.def)             Requested size: 312.9803pt x 158.11229pt.
<machine_learning/images/gradient_descent.png, id=1574, 490.7133pt x 249.0906pt
>
File: machine_learning/images/gradient_descent.png Graphic file (type png)
<use machine_learning/images/gradient_descent.png>
Package pdftex.def Info: machine_learning/images/gradient_descent.png  used on 
input line 84.
(pdftex.def)             Requested size: 284.52756pt x 144.43463pt.
 [20] [21 <./machine_learning/images/mlp.png> <./machine_learning/images/gradie
nt_descent.png>]
<machine_learning/images/cnn/filter.png, id=1594, 2305.61375pt x 1459.4525pt>
File: machine_learning/images/cnn/filter.png Graphic file (type png)
<use machine_learning/images/cnn/filter.png>
Package pdftex.def Info: machine_learning/images/cnn/filter.png  used on input 
line 115.
(pdftex.def)             Requested size: 312.9803pt x 198.10878pt.
<machine_learning/images/imagenet/kernels.png, id=1599, 2039.62pt x 782.925pt>
File: machine_learning/images/imagenet/kernels.png Graphic file (type png)
<use machine_learning/images/imagenet/kernels.png>
Package pdftex.def Info: machine_learning/images/imagenet/kernels.png  used on 
input line 143.
(pdftex.def)             Requested size: 284.52756pt x 109.21451pt.
<machine_learning/images/imagenet/Krizhevsky-2012.png, id=1602, 3232.075pt x 10
08.76875pt>
File: machine_learning/images/imagenet/Krizhevsky-2012.png Graphic file (type p
ng)
<use machine_learning/images/imagenet/Krizhevsky-2012.png>
Package pdftex.def Info: machine_learning/images/imagenet/Krizhevsky-2012.png  
used on input line 150.
(pdftex.def)             Requested size: 483.69684pt x 150.95476pt.
 [22] [23 <./machine_learning/images/cnn/filter.png> <./machine_learning/images
/imagenet/kernels.png> <./machine_learning/images/imagenet/Krizhevsky-2012.png>
]
LaTeX Font Info:    Font shape `T1/ntxtlf/m/n' will be
(Font)              scaled to size 14.4pt on input line 183.
LaTeX Font Info:    Font shape `T1/ntxtlf/b/n' will be
(Font)              scaled to size 14.4pt on input line 183.
<machine_learning/images/EEA.pdf, id=1634, 303.27994pt x 312.67976pt>
File: machine_learning/images/EEA.pdf Graphic file (type pdf)
<use machine_learning/images/EEA.pdf>
Package pdftex.def Info: machine_learning/images/EEA.pdf  used on input line 18
7.
(pdftex.def)             Requested size: 227.62204pt x 234.68576pt.
 [24]
Underfull \vbox (badness 2150) has occurred while \output is active []

 [25 <./machine_learning/images/EEA.pdf>]
<machine_learning/images/anaphora_resolution_new.pdf, id=1694, 320.37793pt x 21
7.4785pt>
File: machine_learning/images/anaphora_resolution_new.pdf Graphic file (type pd
f)
<use machine_learning/images/anaphora_resolution_new.pdf>
Package pdftex.def Info: machine_learning/images/anaphora_resolution_new.pdf  u
sed on input line 268.
(pdftex.def)             Requested size: 284.52756pt x 142.60568pt.
<machine_learning/images/attending_to_head2_new.pdf, id=1696, 319.3822pt x 208.
78302pt>
File: machine_learning/images/attending_to_head2_new.pdf Graphic file (type pdf
)
<use machine_learning/images/attending_to_head2_new.pdf>
Package pdftex.def Info: machine_learning/images/attending_to_head2_new.pdf  us
ed on input line 275.
(pdftex.def)             Requested size: 284.52756pt x 135.30496pt.
<machine_learning/images/attending_to_head_new.pdf, id=1698, 319.54982pt x 212.
795pt>
File: machine_learning/images/attending_to_head_new.pdf Graphic file (type pdf)

<use machine_learning/images/attending_to_head_new.pdf>
Package pdftex.def Info: machine_learning/images/attending_to_head_new.pdf  use
d on input line 282.
(pdftex.def)             Requested size: 284.52756pt x 138.8102pt.
 [26]
<machine_learning/images/transformer_architecture.png, id=1716, 366.168pt x 539
.3751pt>
File: machine_learning/images/transformer_architecture.png Graphic file (type p
ng)
<use machine_learning/images/transformer_architecture.png>
Package pdftex.def Info: machine_learning/images/transformer_architecture.png  
used on input line 306.
(pdftex.def)             Requested size: 199.16928pt x 293.38985pt.
<machine_learning/images/transformer/positional_encoding.png, id=1719, 264.5082
pt x 197.7789pt>
File: machine_learning/images/transformer/positional_encoding.png Graphic file 
(type png)
<use machine_learning/images/transformer/positional_encoding.png>
Package pdftex.def Info: machine_learning/images/transformer/positional_encodin
g.png  used on input line 312.
(pdftex.def)             Requested size: 256.0748pt x 191.47711pt.

Overfull \hbox (14.22635pt too wide) in paragraph at lines 304--316
 [][][] 
 []

[27 <./machine_learning/images/anaphora_resolution_new.pdf> <./machine_learning
/images/attending_to_head2_new.pdf> <./machine_learning/images/attending_to_hea
d_new.pdf>]
Underfull \vbox (badness 5878) has occurred while \output is active []

 [28 <./machine_learning/images/transformer_architecture.png> <./machine_learni
ng/images/transformer/positional_encoding.png>]) [29] [30

]
Chapter 6.
(./data_simulation/text.tex
<data_simulation/images/ET-0304B-22/18213_ET10km.png, id=4906, 366.6498pt x 163
.5711pt>
File: data_simulation/images/ET-0304B-22/18213_ET10km.png Graphic file (type pn
g)
<use data_simulation/images/ET-0304B-22/18213_ET10km.png>
Package pdftex.def Info: data_simulation/images/ET-0304B-22/18213_ET10km.png  u
sed on input line 12.
(pdftex.def)             Requested size: 369.88582pt x 165.0233pt.
 [31]
<data_simulation/images/multivariate_normal/multivariate_normal.png, id=4929, 3
53.1594pt x 130.5678pt>
File: data_simulation/images/multivariate_normal/multivariate_normal.png Graphi
c file (type png)
<use data_simulation/images/multivariate_normal/multivariate_normal.png>
Package pdftex.def Info: data_simulation/images/multivariate_normal/multivariat
e_normal.png  used on input line 54.
(pdftex.def)             Requested size: 426.79134pt x 157.79025pt.
 [32 <./data_simulation/images/ET-0304B-22/18213_ET10km.png>] [33 <./data_simul
ation/images/multivariate_normal/multivariate_normal.png>]
<data_simulation/images/frames/frames_crop.png, id=4954, 2359.81625pt x 2102.85
625pt>
File: data_simulation/images/frames/frames_crop.png Graphic file (type png)
<use data_simulation/images/frames/frames_crop.png>
Package pdftex.def Info: data_simulation/images/frames/frames_crop.png  used on
 input line 107.
(pdftex.def)             Requested size: 284.52756pt x 235.97289pt.
<data_simulation/images/parameters/Detector-frame-The-two-orthogonal-arms-of-th
e-interferometer-form-the-x-and-y-axes-in_high_res.png, id=4956, 507.21495pt x 
145.62405pt>
File: data_simulation/images/parameters/Detector-frame-The-two-orthogonal-arms-
of-the-interferometer-form-the-x-and-y-axes-in_high_res.png Graphic file (type 
png)
<use data_simulation/images/parameters/Detector-frame-The-two-orthogonal-arms-o
f-the-interferometer-form-the-x-and-y-axes-in_high_res.png>
Package pdftex.def Info: data_simulation/images/parameters/Detector-frame-The-t
wo-orthogonal-arms-of-the-interferometer-form-the-x-and-y-axes-in_high_res.png 
 used on input line 113.
(pdftex.def)             Requested size: 512.1496pt x 147.048pt.
 [34] [35 <./data_simulation/images/parameters/Detector-frame-The-two-orthogona
l-arms-of-the-interferometer-form-the-x-and-y-axes-in_high_res.png> <./data_sim
ulation/images/frames/frames_crop.png>]
<data_simulation/images/waveforms/waveform.png, id=4980, 422.5386pt x 112.7412p
t>
File: data_simulation/images/waveforms/waveform.png Graphic file (type png)
<use data_simulation/images/waveforms/waveform.png>
Package pdftex.def Info: data_simulation/images/waveforms/waveform.png  used on
 input line 143.
(pdftex.def)             Requested size: 426.79134pt x 113.87628pt.
<data_simulation/images/waveforms/projection.png, id=4981, 425.4294pt x 126.954
3pt>
File: data_simulation/images/waveforms/projection.png Graphic file (type png)
<use data_simulation/images/waveforms/projection.png>
Package pdftex.def Info: data_simulation/images/waveforms/projection.png  used 
on input line 149.
(pdftex.def)             Requested size: 426.79134pt x 127.3666pt.
 [36] [37 <./data_simulation/images/waveforms/waveform.png> <./data_simulation/
images/waveforms/projection.png>]

LaTeX Warning: No positions in optional float specifier.
               Default added (so using `tbp') on input line 219.

<data_simulation/images/poisson/poisson.png, id=5013, 282.3348pt x 169.1118pt>
File: data_simulation/images/poisson/poisson.png Graphic file (type png)
<use data_simulation/images/poisson/poisson.png>
Package pdftex.def Info: data_simulation/images/poisson/poisson.png  used on in
put line 249.
(pdftex.def)             Requested size: 284.52756pt x 170.43771pt.
<data_simulation/images/waveforms/injection.png, id=5014, 373.6359pt x 223.5552
pt>
File: data_simulation/images/waveforms/injection.png Graphic file (type png)
<use data_simulation/images/waveforms/injection.png>
Package pdftex.def Info: data_simulation/images/waveforms/injection.png  used o
n input line 256.
(pdftex.def)             Requested size: 426.79134pt x 255.36383pt.
<data_simulation/images/waveforms/sample.png, id=5015, 381.3447pt x 207.6558pt>

File: data_simulation/images/waveforms/sample.png Graphic file (type png)
<use data_simulation/images/waveforms/sample.png>
Package pdftex.def Info: data_simulation/images/waveforms/sample.png  used on i
nput line 263.
(pdftex.def)             Requested size: 426.79134pt x 232.4018pt.
[38] [39 <./data_simulation/images/poisson/poisson.png> <./data_simulation/imag
es/waveforms/injection.png>] [40 <./data_simulation/images/waveforms/sample.png
>]) [41] [42

]
Chapter 7.
(./binary_classification/text.tex
> Step: init table outer spec.
> Step: parse table options.
> Step: split table.
> Step: init table inner spec.
> Step: parse table inner spec.
> Step: execute table commands.
> Step: calculate cell and line sizes.
> Step: build the whole table.

Underfull \vbox (badness 10000) has occurred while \output is active []

 [43]
<machine_learning/images/resnet/custom.pdf, id=5069, 126.12018pt x 402.74565pt>

File: machine_learning/images/resnet/custom.pdf Graphic file (type pdf)
<use machine_learning/images/resnet/custom.pdf>
Package pdftex.def Info: machine_learning/images/resnet/custom.pdf  used on inp
ut line 94.
(pdftex.def)             Requested size: 113.6199pt x 362.8303pt.
<machine_learning/images/resnet/resnet18.pdf, id=5070, 126.12018pt x 592.6351pt
>
File: machine_learning/images/resnet/resnet18.pdf Graphic file (type pdf)
<use machine_learning/images/resnet/resnet18.pdf>
Package pdftex.def Info: machine_learning/images/resnet/resnet18.pdf  used on i
nput line 94.
(pdftex.def)             Requested size: 116.11992pt x 545.64688pt.
LaTeX Font Info:    Trying to load font information for TS1+ntxtlf on input lin
e 101.

(/usr/share/texlive/texmf-dist/tex/latex/newtx/ts1ntxtlf.fd
File: ts1ntxtlf.fd 2015/01/18 v1.0 fd file for TS1/ntxtlf
)
LaTeX Font Info:    Font shape `TS1/ntxtlf/m/n' will be
(Font)              scaled to size 12.0pt on input line 101.
 [44] [45 <./machine_learning/images/resnet/custom.pdf> <./machine_learning/ima
ges/resnet/resnet18.pdf>]
<binary_classification/images/vit.png, id=5101, 2322.6775pt x 2140.99875pt>
File: binary_classification/images/vit.png Graphic file (type png)
<use binary_classification/images/vit.png>
Package pdftex.def Info: binary_classification/images/vit.png  used on input li
ne 136.
(pdftex.def)             Requested size: 312.9803pt x 288.49966pt.
 [46{/usr/share/texmf/fonts/enc/dvips/tex-gyre/q-ts1.enc}] [47 <./binary_classi
fication/images/vit.png>]
<binary_classification/plots/learning_curves/curves.png, id=5128, 348.5823pt x 
275.8305pt>
File: binary_classification/plots/learning_curves/curves.png Graphic file (type
 png)
<use binary_classification/plots/learning_curves/curves.png>
Package pdftex.def Info: binary_classification/plots/learning_curves/curves.png
  used on input line 209.
(pdftex.def)             Requested size: 341.43306pt x 270.18578pt.
<binary_classification/plots/comparison/performance.png, id=5130, 225.2415pt x 
140.6856pt>
File: binary_classification/plots/comparison/performance.png Graphic file (type
 png)
<use binary_classification/plots/comparison/performance.png>
Package pdftex.def Info: binary_classification/plots/comparison/performance.png
  used on input line 227.
(pdftex.def)             Requested size: 227.62204pt x 142.17503pt.
<binary_classification/images/comparison/vram_size.png, id=5131, 225.4824pt x 1
40.6856pt>
File: binary_classification/images/comparison/vram_size.png Graphic file (type 
png)
<use binary_classification/images/comparison/vram_size.png>
Package pdftex.def Info: binary_classification/images/comparison/vram_size.png 
 used on input line 234.
(pdftex.def)             Requested size: 227.62204pt x 142.02692pt.
<binary_classification/plots/auroc.png, id=5135, 196.8153pt x 197.538pt>
File: binary_classification/plots/auroc.png Graphic file (type png)
<use binary_classification/plots/auroc.png>
Package pdftex.def Info: binary_classification/plots/auroc.png  used on input l
ine 267.
(pdftex.def)             Requested size: 199.16928pt x 199.90062pt.
 [48] [49 <./binary_classification/plots/learning_curves/curves.png> <./binary_
classification/plots/comparison/performance.png> <./binary_classification/image
s/comparison/vram_size.png>]
<binary_classification/plots/snr.png, id=5153, 225.4824pt x 140.9265pt>
File: binary_classification/plots/snr.png Graphic file (type png)
<use binary_classification/plots/snr.png>
Package pdftex.def Info: binary_classification/plots/snr.png  used on input lin
e 289.
(pdftex.def)             Requested size: 227.62204pt x 142.27011pt.
LaTeX Font Info:    Font shape `T1/ntxtlf/m/n' will be
(Font)              scaled to size 10.95pt on input line 290.
<binary_classification/plots/merger_time.png, id=5154, 225.4824pt x 140.9265pt>

File: binary_classification/plots/merger_time.png Graphic file (type png)
<use binary_classification/plots/merger_time.png>
Package pdftex.def Info: binary_classification/plots/merger_time.png  used on i
nput line 296.
(pdftex.def)             Requested size: 227.62204pt x 142.27011pt.
<binary_classification/plots/mass.png, id=5155, 225.4824pt x 195.8517pt>
File: binary_classification/plots/mass.png Graphic file (type png)
<use binary_classification/plots/mass.png>
Package pdftex.def Info: binary_classification/plots/mass.png  used on input li
ne 302.
(pdftex.def)             Requested size: 227.62204pt x 197.719pt.
<binary_classification/plots/spins.png, id=5156, 224.037pt x 193.6836pt>
File: binary_classification/plots/spins.png Graphic file (type png)
<use binary_classification/plots/spins.png>
Package pdftex.def Info: binary_classification/plots/spins.png  used on input l
ine 309.
(pdftex.def)             Requested size: 227.62204pt x 196.78624pt.
 [50] [51 <./binary_classification/plots/auroc.png> <./binary_classification/pl
ots/snr.png> <./binary_classification/plots/merger_time.png> <./binary_classifi
cation/plots/mass.png> <./binary_classification/plots/spins.png>]
<binary_classification/images/parameters/waveforms.png, id=5177, 397.9668pt x 2
25.7233pt>
File: binary_classification/images/parameters/waveforms.png Graphic file (type 
png)
<use binary_classification/images/parameters/waveforms.png>
Package pdftex.def Info: binary_classification/images/parameters/waveforms.png 
 used on input line 346.
(pdftex.def)             Requested size: 455.24408pt x 258.22617pt.
 [52]
<binary_classification/plots/attention/attention.png, id=5188, 404.2302pt x 238
.491pt>
File: binary_classification/plots/attention/attention.png Graphic file (type pn
g)
<use binary_classification/plots/attention/attention.png>
Package pdftex.def Info: binary_classification/plots/attention/attention.png  u
sed on input line 386.
(pdftex.def)             Requested size: 455.24408pt x 268.59282pt.
 [53 <./binary_classification/images/parameters/waveforms.png>]) [54 <./binary_
classification/plots/attention/attention.png>]
Chapter 8.
(./multiple_signal_detection/heatmap.tex [55

]
Underfull \vbox (badness 1067) has occurred while \output is active []

 [56]

pdfTeX warning: /usr/bin/pdflatex (file ./multiple_signal_detection/images/heat
map.pdf): PDF inclusion: found PDF version <1.7>, but at most version <1.5> all
owed
<multiple_signal_detection/images/heatmap.pdf, id=5226, 711.91342pt x 375.11pt>

File: multiple_signal_detection/images/heatmap.pdf Graphic file (type pdf)
<use multiple_signal_detection/images/heatmap.pdf>
Package pdftex.def Info: multiple_signal_detection/images/heatmap.pdf  used on 
input line 76.
(pdftex.def)             Requested size: 426.79134pt x 224.87885pt.
<multiple_signal_detection/images/heatmap/sample.png, id=5232, 366.8907pt x 216
.5691pt>
File: multiple_signal_detection/images/heatmap/sample.png Graphic file (type pn
g)
<use multiple_signal_detection/images/heatmap/sample.png>
Package pdftex.def Info: multiple_signal_detection/images/heatmap/sample.png  u
sed on input line 99.
(pdftex.def)             Requested size: 426.79134pt x 251.93742pt.
[57] [58 <./multiple_signal_detection/images/heatmap.pdf> <./multiple_signal_de
tection/images/heatmap/sample.png>]
<multiple_signal_detection/images/heatmap_CNN.png, id=5264, 1661.20625pt x 1340
.00626pt>
File: multiple_signal_detection/images/heatmap_CNN.png Graphic file (type png)
<use multiple_signal_detection/images/heatmap_CNN.png>
Package pdftex.def Info: multiple_signal_detection/images/heatmap_CNN.png  used
 on input line 155.
(pdftex.def)             Requested size: 213.39566pt x 172.12135pt.
<multiple_signal_detection/images/heatmap_transformer.png, id=5265, 1666.225pt 
x 2343.75626pt>
File: multiple_signal_detection/images/heatmap_transformer.png Graphic file (ty
pe png)
<use multiple_signal_detection/images/heatmap_transformer.png>
Package pdftex.def Info: multiple_signal_detection/images/heatmap_transformer.p
ng  used on input line 155.
(pdftex.def)             Requested size: 213.39566pt x 300.15714pt.
<multiple_signal_detection/plots/learning_curves/cnn_loss.png, id=5271, 222.591
6pt x 177.5433pt>
File: multiple_signal_detection/plots/learning_curves/cnn_loss.png Graphic file
 (type png)
<use multiple_signal_detection/plots/learning_curves/cnn_loss.png>
Package pdftex.def Info: multiple_signal_detection/plots/learning_curves/cnn_lo
ss.png  used on input line 206.
(pdftex.def)             Requested size: 227.62204pt x 181.56584pt.
<multiple_signal_detection/plots/learning_curves/encoder_loss.png, id=5272, 222
.5916pt x 177.5433pt>
File: multiple_signal_detection/plots/learning_curves/encoder_loss.png Graphic 
file (type png)
<use multiple_signal_detection/plots/learning_curves/encoder_loss.png>
Package pdftex.def Info: multiple_signal_detection/plots/learning_curves/encode
r_loss.png  used on input line 206.
(pdftex.def)             Requested size: 227.62204pt x 181.56584pt.
<multiple_signal_detection/plots/out/300/encoder/11.png, id=5274, 426.6339pt x 
142.131pt>
File: multiple_signal_detection/plots/out/300/encoder/11.png Graphic file (type
 png)
<use multiple_signal_detection/plots/out/300/encoder/11.png>
Package pdftex.def Info: multiple_signal_detection/plots/out/300/encoder/11.png
  used on input line 224.
(pdftex.def)             Requested size: 426.79134pt x 113.72131pt.
<multiple_signal_detection/plots/out/300/encoder/1.png, id=5276, 426.6339pt x 1
42.131pt>
File: multiple_signal_detection/plots/out/300/encoder/1.png Graphic file (type 
png)
<use multiple_signal_detection/plots/out/300/encoder/1.png>
Package pdftex.def Info: multiple_signal_detection/plots/out/300/encoder/1.png 
 used on input line 229.
(pdftex.def)             Requested size: 426.79134pt x 113.72131pt.
<multiple_signal_detection/plots/out/300/encoder/3.png, id=5278, 426.6339pt x 1
42.131pt>
File: multiple_signal_detection/plots/out/300/encoder/3.png Graphic file (type 
png)
<use multiple_signal_detection/plots/out/300/encoder/3.png>
Package pdftex.def Info: multiple_signal_detection/plots/out/300/encoder/3.png 
 used on input line 234.
(pdftex.def)             Requested size: 426.79134pt x 113.72131pt.
<multiple_signal_detection/plots/out/300/encoder/0.png, id=5280, 426.6339pt x 1
42.131pt>
File: multiple_signal_detection/plots/out/300/encoder/0.png Graphic file (type 
png)
<use multiple_signal_detection/plots/out/300/encoder/0.png>
Package pdftex.def Info: multiple_signal_detection/plots/out/300/encoder/0.png 
 used on input line 239.
(pdftex.def)             Requested size: 426.79134pt x 113.72131pt.
<multiple_signal_detection/plots/out/300/encoder/8.png, id=5282, 426.6339pt x 1
42.131pt>
File: multiple_signal_detection/plots/out/300/encoder/8.png Graphic file (type 
png)
<use multiple_signal_detection/plots/out/300/encoder/8.png>
Package pdftex.def Info: multiple_signal_detection/plots/out/300/encoder/8.png 
 used on input line 242.
(pdftex.def)             Requested size: 426.79134pt x 142.18484pt.
 [59] [60 <./multiple_signal_detection/images/Heatmap_CNN.png> <./multiple_sign
al_detection/images/heatmap_transformer.png> <./multiple_signal_detection/plots
/learning_curves/cnn_loss.png> <./multiple_signal_detection/plots/learning_curv
es/encoder_loss.png>]
<multiple_signal_detection/plots/cnn_encoder_far.png, id=5301, 253.9086pt x 250
.2951pt>
File: multiple_signal_detection/plots/cnn_encoder_far.png Graphic file (type pn
g)
<use multiple_signal_detection/plots/cnn_encoder_far.png>
Package pdftex.def Info: multiple_signal_detection/plots/cnn_encoder_far.png  u
sed on input line 256.
(pdftex.def)             Requested size: 256.0748pt x 252.4294pt.
 [61] [62 <./multiple_signal_detection/plots/out/300/encoder/8.png> <./multiple
_signal_detection/plots/out/300/encoder/11.png> <./multiple_signal_detection/pl
ots/out/300/encoder/1.png> <./multiple_signal_detection/plots/out/300/encoder/3
.png> <./multiple_signal_detection/plots/out/300/encoder/0.png>]
<multiple_signal_detection/plots/cnn_encoder_mergers.png, id=5332, 339.1872pt x
 169.1118pt>
File: multiple_signal_detection/plots/cnn_encoder_mergers.png Graphic file (typ
e png)
<use multiple_signal_detection/plots/cnn_encoder_mergers.png>
Package pdftex.def Info: multiple_signal_detection/plots/cnn_encoder_mergers.pn
g  used on input line 280.
(pdftex.def)             Requested size: 341.43306pt x 170.24417pt.
<multiple_signal_detection/plots/weights/encoder/11.png, id=5336, 426.6339pt x 
142.131pt>
File: multiple_signal_detection/plots/weights/encoder/11.png Graphic file (type
 png)
<use multiple_signal_detection/plots/weights/encoder/11.png>
Package pdftex.def Info: multiple_signal_detection/plots/weights/encoder/11.png
  used on input line 306.
(pdftex.def)             Requested size: 426.79134pt x 113.72131pt.
<multiple_signal_detection/plots/weights/encoder/1.png, id=5338, 426.6339pt x 1
42.131pt>
File: multiple_signal_detection/plots/weights/encoder/1.png Graphic file (type 
png)
<use multiple_signal_detection/plots/weights/encoder/1.png>
Package pdftex.def Info: multiple_signal_detection/plots/weights/encoder/1.png 
 used on input line 311.
(pdftex.def)             Requested size: 426.79134pt x 113.72131pt.
<multiple_signal_detection/plots/weights/encoder/3.png, id=5340, 426.6339pt x 1
42.131pt>
File: multiple_signal_detection/plots/weights/encoder/3.png Graphic file (type 
png)
<use multiple_signal_detection/plots/weights/encoder/3.png>
Package pdftex.def Info: multiple_signal_detection/plots/weights/encoder/3.png 
 used on input line 316.
(pdftex.def)             Requested size: 426.79134pt x 113.72131pt.
<multiple_signal_detection/plots/weights/encoder/0.png, id=5342, 426.6339pt x 1
42.131pt>
File: multiple_signal_detection/plots/weights/encoder/0.png Graphic file (type 
png)
<use multiple_signal_detection/plots/weights/encoder/0.png>
Package pdftex.def Info: multiple_signal_detection/plots/weights/encoder/0.png 
 used on input line 321.
(pdftex.def)             Requested size: 426.79134pt x 113.72131pt.
<multiple_signal_detection/plots/weights/encoder/8.png, id=5344, 426.6339pt x 1
42.131pt>
File: multiple_signal_detection/plots/weights/encoder/8.png Graphic file (type 
png)
<use multiple_signal_detection/plots/weights/encoder/8.png>
Package pdftex.def Info: multiple_signal_detection/plots/weights/encoder/8.png 
 used on input line 324.
(pdftex.def)             Requested size: 426.79134pt x 142.18484pt.
 [63 <./multiple_signal_detection/plots/cnn_encoder_far.png>]
<multiple_signal_detection/plots/cnn_encoder_deltat.png, id=5353, 339.1872pt x 
169.1118pt>
File: multiple_signal_detection/plots/cnn_encoder_deltat.png Graphic file (type
 png)
<use multiple_signal_detection/plots/cnn_encoder_deltat.png>
Package pdftex.def Info: multiple_signal_detection/plots/cnn_encoder_deltat.png
  used on input line 345.
(pdftex.def)             Requested size: 341.43306pt x 170.24417pt.
 [64 <./multiple_signal_detection/plots/cnn_encoder_mergers.png>] [65 <./multip
le_signal_detection/plots/weights/encoder/8.png> <./multiple_signal_detection/p
lots/weights/encoder/11.png> <./multiple_signal_detection/plots/weights/encoder
/1.png> <./multiple_signal_detection/plots/weights/encoder/3.png> <./multiple_s
ignal_detection/plots/weights/encoder/0.png>]
<multiple_signal_detection/images/delta_tc_stacked_FAR_labels_switched.png, id=
5376, 3322.4125pt x 2213.26875pt>
File: multiple_signal_detection/images/delta_tc_stacked_FAR_labels_switched.png
 Graphic file (type png)
<use multiple_signal_detection/images/delta_tc_stacked_FAR_labels_switched.png>

Package pdftex.def Info: multiple_signal_detection/images/delta_tc_stacked_FAR_
labels_switched.png  used on input line 369.
(pdftex.def)             Requested size: 284.52756pt x 189.52689pt.
<multiple_signal_detection/plots/encoder_stacked.png, id=5383, 309.5565pt x 169
.3527pt>
File: multiple_signal_detection/plots/encoder_stacked.png Graphic file (type pn
g)
<use multiple_signal_detection/plots/encoder_stacked.png>
Package pdftex.def Info: multiple_signal_detection/plots/encoder_stacked.png  u
sed on input line 379.
(pdftex.def)             Requested size: 312.9803pt x 171.23868pt.
<multiple_signal_detection/plots/out/700/encoder/0_zoom.png, id=5388, 198.9834p
t x 142.131pt>
File: multiple_signal_detection/plots/out/700/encoder/0_zoom.png Graphic file (
type png)
<use multiple_signal_detection/plots/out/700/encoder/0_zoom.png>
Package pdftex.def Info: multiple_signal_detection/plots/out/700/encoder/0_zoom
.png  used on input line 405.
(pdftex.def)             Requested size: 199.17418pt x 142.26378pt.
<multiple_signal_detection/plots/out/800/encoder/7_zoom.png, id=5390, 198.9834p
t x 142.131pt>
File: multiple_signal_detection/plots/out/800/encoder/7_zoom.png Graphic file (
type png)
<use multiple_signal_detection/plots/out/800/encoder/7_zoom.png>
Package pdftex.def Info: multiple_signal_detection/plots/out/800/encoder/7_zoom
.png  used on input line 405.
(pdftex.def)             Requested size: 164.99825pt x 142.26378pt.
<multiple_signal_detection/plots/out/900/encoder/6_zoom.png, id=5392, 198.9834p
t x 142.131pt>
File: multiple_signal_detection/plots/out/900/encoder/6_zoom.png Graphic file (
type png)
<use multiple_signal_detection/plots/out/900/encoder/6_zoom.png>
Package pdftex.def Info: multiple_signal_detection/plots/out/900/encoder/6_zoom
.png  used on input line 405.
(pdftex.def)             Requested size: 164.99825pt x 142.26378pt.

Underfull \vbox (badness 10000) has occurred while \output is active []

 [66 <./multiple_signal_detection/plots/cnn_encoder_deltat.png>] [67 <./multipl
e_signal_detection/images/delta_tc_stacked_FAR_labels_switched.png> <./multiple
_signal_detection/plots/encoder_stacked.png> <./multiple_signal_detection/plots
/out/700/encoder/0_zoom.png> <./multiple_signal_detection/plots/out/800/encoder
/7_zoom.png> <./multiple_signal_detection/plots/out/900/encoder/6_zoom.png>]) [
68]
Chapter 9.
(./multiple_signal_detection/detr.tex
<multiple_signal_detection/images/DETR_detail_seagulls.pdf, id=5423, 721.69624p
t x 182.6825pt>
File: multiple_signal_detection/images/DETR_detail_seagulls.pdf Graphic file (t
ype pdf)
<use multiple_signal_detection/images/DETR_detail_seagulls.pdf>
Package pdftex.def Info: multiple_signal_detection/images/DETR_detail_seagulls.
pdf  used on input line 18.
(pdftex.def)             Requested size: 455.24408pt x 115.23552pt.
<multiple_signal_detection/images/transformer.pdf, id=5426, 337.00906pt x 336.1
9502pt>
File: multiple_signal_detection/images/transformer.pdf Graphic file (type pdf)
<use multiple_signal_detection/images/transformer.pdf>
Package pdftex.def Info: multiple_signal_detection/images/transformer.pdf  used
 on input line 25.
(pdftex.def)             Requested size: 312.9803pt x 312.22722pt.

Underfull \vbox (badness 1509) has occurred while \output is active []

 [69

 <./multiple_signal_detection/images/DETR_detail_seagulls.pdf>] [70 <./multiple
_signal_detection/images/transformer.pdf>]
<multiple_signal_detection/plots/learning_curves/detr_loss.png, id=5501, 222.59
16pt x 177.5433pt>
File: multiple_signal_detection/plots/learning_curves/detr_loss.png Graphic fil
e (type png)
<use multiple_signal_detection/plots/learning_curves/detr_loss.png>
Package pdftex.def Info: multiple_signal_detection/plots/learning_curves/detr_l
oss.png  used on input line 85.
(pdftex.def)             Requested size: 227.62204pt x 181.56584pt.
<multiple_signal_detection/plots/learning_curves/detr_bce_loss.png, id=5502, 24
1.6227pt x 155.6214pt>
File: multiple_signal_detection/plots/learning_curves/detr_bce_loss.png Graphic
 file (type png)
<use multiple_signal_detection/plots/learning_curves/detr_bce_loss.png>
Package pdftex.def Info: multiple_signal_detection/plots/learning_curves/detr_b
ce_loss.png  used on input line 94.
(pdftex.def)             Requested size: 227.62204pt x 146.60944pt.
<multiple_signal_detection/plots/learning_curves/detr_l1_loss.png, id=5503, 228
.855pt x 155.6214pt>
File: multiple_signal_detection/plots/learning_curves/detr_l1_loss.png Graphic 
file (type png)
<use multiple_signal_detection/plots/learning_curves/detr_l1_loss.png>
Package pdftex.def Info: multiple_signal_detection/plots/learning_curves/detr_l
1_loss.png  used on input line 94.
(pdftex.def)             Requested size: 227.62204pt x 154.78989pt.
 [71] [72 <./multiple_signal_detection/plots/learning_curves/detr_loss.png> <./
multiple_signal_detection/plots/learning_curves/detr_bce_loss.png> <./multiple_
signal_detection/plots/learning_curves/detr_l1_loss.png>]
<multiple_signal_detection/plots/out/300/detr/11.png, id=5528, 426.6339pt x 142
.131pt>
File: multiple_signal_detection/plots/out/300/detr/11.png Graphic file (type pn
g)
<use multiple_signal_detection/plots/out/300/detr/11.png>
Package pdftex.def Info: multiple_signal_detection/plots/out/300/detr/11.png  u
sed on input line 183.
(pdftex.def)             Requested size: 426.79134pt x 113.72131pt.
<multiple_signal_detection/plots/out/300/detr/1.png, id=5530, 426.6339pt x 142.
131pt>
File: multiple_signal_detection/plots/out/300/detr/1.png Graphic file (type png
)
<use multiple_signal_detection/plots/out/300/detr/1.png>
Package pdftex.def Info: multiple_signal_detection/plots/out/300/detr/1.png  us
ed on input line 188.
(pdftex.def)             Requested size: 426.79134pt x 113.72131pt.
<multiple_signal_detection/plots/out/300/detr/3.png, id=5532, 426.6339pt x 142.
131pt>
File: multiple_signal_detection/plots/out/300/detr/3.png Graphic file (type png
)
<use multiple_signal_detection/plots/out/300/detr/3.png>
Package pdftex.def Info: multiple_signal_detection/plots/out/300/detr/3.png  us
ed on input line 193.
(pdftex.def)             Requested size: 426.79134pt x 113.72131pt.
<multiple_signal_detection/plots/out/300/detr/0.png, id=5534, 426.6339pt x 142.
131pt>
File: multiple_signal_detection/plots/out/300/detr/0.png Graphic file (type png
)
<use multiple_signal_detection/plots/out/300/detr/0.png>
Package pdftex.def Info: multiple_signal_detection/plots/out/300/detr/0.png  us
ed on input line 198.
(pdftex.def)             Requested size: 426.79134pt x 113.72131pt.
<multiple_signal_detection/plots/out/300/detr/8.png, id=5536, 426.6339pt x 142.
131pt>
File: multiple_signal_detection/plots/out/300/detr/8.png Graphic file (type png
)
<use multiple_signal_detection/plots/out/300/detr/8.png>
Package pdftex.def Info: multiple_signal_detection/plots/out/300/detr/8.png  us
ed on input line 201.
(pdftex.def)             Requested size: 426.79134pt x 142.18484pt.
<multiple_signal_detection/plots/cnn_encoder_detr_far.png, id=5542, 253.9086pt 
x 250.2951pt>
File: multiple_signal_detection/plots/cnn_encoder_detr_far.png Graphic file (ty
pe png)
<use multiple_signal_detection/plots/cnn_encoder_detr_far.png>
Package pdftex.def Info: multiple_signal_detection/plots/cnn_encoder_detr_far.p
ng  used on input line 221.
(pdftex.def)             Requested size: 256.0748pt x 252.4294pt.
<multiple_signal_detection/plots/cnn_encoder_detr_mergers.png, id=5544, 339.187
2pt x 169.1118pt>
File: multiple_signal_detection/plots/cnn_encoder_detr_mergers.png Graphic file
 (type png)
<use multiple_signal_detection/plots/cnn_encoder_detr_mergers.png>
Package pdftex.def Info: multiple_signal_detection/plots/cnn_encoder_detr_merge
rs.png  used on input line 241.
(pdftex.def)             Requested size: 341.43306pt x 170.24417pt.
<multiple_signal_detection/plots/detr_time.png, id=5546, 282.3348pt x 194.8881p
t>
File: multiple_signal_detection/plots/detr_time.png Graphic file (type png)
<use multiple_signal_detection/plots/detr_time.png>
Package pdftex.def Info: multiple_signal_detection/plots/detr_time.png  used on
 input line 257.
(pdftex.def)             Requested size: 227.62204pt x 157.12398pt.
<multiple_signal_detection/plots/encoder_time.png, id=5547, 282.3348pt x 194.88
81pt>
File: multiple_signal_detection/plots/encoder_time.png Graphic file (type png)
<use multiple_signal_detection/plots/encoder_time.png>
Package pdftex.def Info: multiple_signal_detection/plots/encoder_time.png  used
 on input line 257.
(pdftex.def)             Requested size: 227.62204pt x 157.12398pt.
 [73] [74 <./multiple_signal_detection/plots/out/300/detr/8.png> <./multiple_si
gnal_detection/plots/out/300/detr/11.png> <./multiple_signal_detection/plots/ou
t/300/detr/1.png> <./multiple_signal_detection/plots/out/300/detr/3.png> <./mul
tiple_signal_detection/plots/out/300/detr/0.png>] [75 <./multiple_signal_detect
ion/plots/cnn_encoder_detr_far.png> <./multiple_signal_detection/plots/cnn_enco
der_detr_mergers.png>]
<multiple_signal_detection/plots/encoder_detr_deltat.png, id=5577, 339.1872pt x
 169.1118pt>
File: multiple_signal_detection/plots/encoder_detr_deltat.png Graphic file (typ
e png)
<use multiple_signal_detection/plots/encoder_detr_deltat.png>
Package pdftex.def Info: multiple_signal_detection/plots/encoder_detr_deltat.pn
g  used on input line 281.
(pdftex.def)             Requested size: 341.43306pt x 170.24417pt.
<multiple_signal_detection/plots/detr_stacked.png, id=5581, 309.5565pt x 169.35
27pt>
File: multiple_signal_detection/plots/detr_stacked.png Graphic file (type png)
<use multiple_signal_detection/plots/detr_stacked.png>
Package pdftex.def Info: multiple_signal_detection/plots/detr_stacked.png  used
 on input line 314.
(pdftex.def)             Requested size: 226.0142pt x 170.71652pt.
File: multiple_signal_detection/plots/encoder_stacked.png Graphic file (type pn
g)
<use multiple_signal_detection/plots/encoder_stacked.png>
Package pdftex.def Info: multiple_signal_detection/plots/encoder_stacked.png  u
sed on input line 314.
(pdftex.def)             Requested size: 274.77563pt x 170.71652pt.
<multiple_signal_detection/plots/out/700/detr/0_zoom.png, id=5584, 198.9834pt x
 142.131pt>
File: multiple_signal_detection/plots/out/700/detr/0_zoom.png Graphic file (typ
e png)
<use multiple_signal_detection/plots/out/700/detr/0_zoom.png>
Package pdftex.def Info: multiple_signal_detection/plots/out/700/detr/0_zoom.pn
g  used on input line 337.
(pdftex.def)             Requested size: 199.17418pt x 142.26378pt.
<multiple_signal_detection/plots/out/800/detr/7_zoom.png, id=5586, 198.9834pt x
 142.131pt>
File: multiple_signal_detection/plots/out/800/detr/7_zoom.png Graphic file (typ
e png)
<use multiple_signal_detection/plots/out/800/detr/7_zoom.png>
Package pdftex.def Info: multiple_signal_detection/plots/out/800/detr/7_zoom.pn
g  used on input line 337.
(pdftex.def)             Requested size: 160.72598pt x 142.26378pt.
<multiple_signal_detection/plots/out/900/detr/6_zoom.png, id=5588, 198.9834pt x
 142.131pt>
File: multiple_signal_detection/plots/out/900/detr/6_zoom.png Graphic file (typ
e png)
<use multiple_signal_detection/plots/out/900/detr/6_zoom.png>
Package pdftex.def Info: multiple_signal_detection/plots/out/900/detr/6_zoom.pn
g  used on input line 337.
(pdftex.def)             Requested size: 156.45416pt x 142.26378pt.
 [76 <./multiple_signal_detection/plots/detr_time.png> <./multiple_signal_detec
tion/plots/encoder_time.png>] [77 <./multiple_signal_detection/plots/encoder_de
tr_deltat.png> <./multiple_signal_detection/plots/detr_stacked.png> <./multiple
_signal_detection/plots/out/700/detr/0_zoom.png> <./multiple_signal_detection/p
lots/out/800/detr/7_zoom.png> <./multiple_signal_detection/plots/out/900/detr/6
_zoom.png>]) [78]
Chapter 10.
(./conclusion/text.tex [79

]) [80]
LaTeX Font Info:    Font shape `T1/ntxtlf/m/sc' will be
(Font)              scaled to size 12.0pt on input line 144.
Package microtype Info: Character `029' is missing
(microtype)             in font `T1/ntxtlf/m/sc/12'.
(microtype)             Ignoring protrusion settings for this character.
LaTeX Font Info:    Trying to load font information for T1+ntxtt on input line 
144.

(/usr/share/texlive/texmf-dist/tex/latex/newtx/t1ntxtt.fd
File: t1ntxtt.fd 2012/04/20 v3.1
)
LaTeX Font Info:    Font shape `T1/ntxtt/m/n' will be
(Font)              scaled to size 12.0pt on input line 144.
Package microtype Info: Loading generic protrusion settings for font family
(microtype)             `ntxtt' (encoding: T1).
(microtype)             For optimal results, create family-specific settings.
(microtype)             See the microtype manual for details.
 [81

{/usr/share/texlive/texmf-dist/fonts/enc/dvips/newtx/ntx-ec-tlf-pc.enc}] [82] [
83] [84]
(./appendix/text.tex [85] [86

]
Appendix A.
<theory_of_gravitational_waves/images/spherical_harmonics/spherical_harmonics.p
ng, id=5755, 337.7418pt x 143.0946pt>
File: theory_of_gravitational_waves/images/spherical_harmonics/spherical_harmon
ics.png Graphic file (type png)
<use theory_of_gravitational_waves/images/spherical_harmonics/spherical_harmoni
cs.png>
Package pdftex.def Info: theory_of_gravitational_waves/images/spherical_harmoni
cs/spherical_harmonics.png  used on input line 6.
(pdftex.def)             Requested size: 341.43306pt x 144.6663pt.
[87 <./theory_of_gravitational_waves/images/spherical_harmonics/spherical_harmo
nics.png>]

Package amsmath Warning: Foreign command \over;
(amsmath)                \frac or \genfrac should be used instead
(amsmath)                 on input line 70.

) [88] (./main.aux)
 ***********
LaTeX2e <2023-11-01> patch level 1
L3 programming layer <2020/03/25>
 ***********


LaTeX Font Warning: Size substitutions with differences
(Font)              up to 1.36998pt have occurred.


LaTeX Warning: There were undefined references.

Package rerunfilecheck Info: File `main.out' has not changed.
(rerunfilecheck)             Checksum: 3EB13C9C82E1BD7864521C4262918968;6652.

Package biblatex Warning: Please (re)run BibTeX on the file(s):
(biblatex)                main
(biblatex)                and rerun LaTeX afterwards.

Package logreq Info: Writing requests to 'main.run.xml'.
\openout1 = `main.run.xml'.

 ) 
Here is how much of TeX's memory you used:
 36047 strings out of 476106
 726393 string characters out of 5793933
 3168236 words of memory out of 5000000
 56938 multiletter control sequences out of 15000+600000
 688921 words of font info for 337 fonts, out of 8000000 for 9000
 59 hyphenation exceptions out of 8191
 75i,18n,102p,1875b,2061s stack positions out of 10000i,1000n,20000p,200000b,200000s
</usr/share/texlive/texmf-dist/fonts/type1/public/fira/FiraSans-Book.pfb></us
r/share/texlive/texmf-dist/fonts/type1/public/newtx/NewTXMI.pfb></usr/share/tex
live/texmf-dist/fonts/type1/public/newtx/NewTXMI7.pfb></usr/share/texlive/texmf
-dist/fonts/type1/public/amsfonts/cm/cmmi5.pfb></usr/share/texlive/texmf-dist/f
onts/type1/public/amsfonts/cm/cmr10.pfb></usr/share/texlive/texmf-dist/fonts/ty
pe1/public/amsfonts/cm/cmsy10.pfb></usr/share/texlive/texmf-dist/fonts/type1/pu
blic/amsfonts/cm/cmsy5.pfb></usr/share/texmf/fonts/type1/public/tex-gyre/qtmr.p
fb></usr/share/texlive/texmf-dist/fonts/type1/public/txfonts/t1xtt.pfb></usr/sh
are/texlive/texmf-dist/fonts/type1/public/newtx/txexs.pfb></usr/share/texlive/t
exmf-dist/fonts/type1/public/newtx/txmiaX.pfb></usr/share/texlive/texmf-dist/fo
nts/type1/public/newtx/txsym.pfb></usr/share/texlive/texmf-dist/fonts/type1/pub
lic/newtx/txsys.pfb></usr/share/texlive/texmf-dist/fonts/type1/urw/times/utmr8a
.pfb></usr/share/texlive/texmf-dist/fonts/type1/urw/times/utmri8a.pfb></usr/sha
re/texlive/texmf-dist/fonts/type1/public/newtx/ztmb.pfb></usr/share/texlive/tex
mf-dist/fonts/type1/public/newtx/ztmr.pfb></usr/share/texlive/texmf-dist/fonts/
type1/public/newtx/ztmri.pfb>
Output written on main.pdf (94 pages, 17685956 bytes).
PDF statistics:
 5936 PDF objects out of 6186 (max. 8388607)
 3973 compressed objects within 40 object streams
 386 named destinations out of 1000 (max. 500000)
 47585 words of extra memory for PDF output out of 51595 (max. 10000000)

